{
  "dataset": "cmp2",
  "multi_step": {
    "h": [
      1,
      2,
      3,
      4,
      5,
      6,
      7,
      8,
      9,
      10,
      11,
      12
    ],
    "one_step": [
      0.29183250994179144,
      0.49729357482482717,
      0.5084135664454725,
      0.48152702746206316,
      0.5062757139447435,
      0.5081232491109906,
      0.48017554063799567,
      0.4941148980167405,
      0.540233175674903,
      0.47898933711823904,
      0.5143220582459536,
      0.4067149944994208
    ],
    "multi_step": [
      0.29183250994179144,
      0.5515019776018923,
      0.614830066829486,
      0.6100698470170128,
      0.602104591359866,
      0.6515322174876929,
      0.6819903593895764,
      0.6720916184243457,
      0.7034977744815165,
      0.6410819327057753,
      0.5782050242608724,
      0.5162204245782711
    ]
  },
  "action_conditional": {
    "one_step_rr_mae": 0.4687545895576477,
    "action_sensitivity_per_unit": 0.08740037679672241
  },
  "calibration": {
    "unc_bin": [
      0.01608576998114586,
      0.018301837146282196,
      0.019774599000811577,
      0.020997969433665276,
      0.022281287238001823,
      0.023614972829818726,
      0.025105658918619156,
      0.027093272656202316,
      0.029962116852402687,
      0.03803510591387749
    ],
    "err_bin": [
      0.4869300127029419,
      0.44855087995529175,
      0.45387008786201477,
      0.46468907594680786,
      0.47909221053123474,
      0.42314979434013367,
      0.43258148431777954,
      0.4684057831764221,
      0.4899216294288635,
      0.5404064059257507
    ],
    "spearman_like_corr": 0.07435053598089139
  },
  "ood_action": {
    "logged": {
      "mean": 0.024119725450873375,
      "median": 0.022906610742211342,
      "p90": 0.03192693665623665,
      "p99": 0.04373787328600882
    },
    "SARC": {
      "mean": 0.023415934294462204,
      "median": 0.022263353690505028,
      "p90": 0.030399736389517786,
      "p99": 0.042859041392803186
    },
    "SARC-no-drift": {
      "mean": 0.023457832634449005,
      "median": 0.02228379249572754,
      "p90": 0.0304242592304945,
      "p99": 0.042651136815547934
    }
  }
}