{
  "dataset": "cmp1",
  "multi_step": {
    "h": [
      1,
      2,
      3,
      4,
      5,
      6,
      7,
      8,
      9,
      10,
      11,
      12
    ],
    "one_step": [
      0.10556052916849307,
      0.1087523420339508,
      0.09882805961986176,
      0.0943992384561849,
      0.08279725192479935,
      0.1268693405466202,
      0.11023112424407844,
      0.09909469603250425,
      0.16373830835024517,
      0.092833095540603,
      0.12755581798652807,
      0.1322558969259262
    ],
    "multi_step": [
      0.10556052916849307,
      0.13334810015539703,
      0.13749743605860407,
      0.12191181696630017,
      0.16741533196695588,
      0.13189621014186206,
      0.10880854667198879,
      0.09713161736726761,
      0.21459716061751047,
      0.2067987339364158,
      0.23146795791884264,
      0.07721031953891118
    ]
  },
  "action_conditional": {
    "one_step_rr_mae": 0.10458142310380936,
    "action_sensitivity_per_unit": 0.0034974494483321905
  },
  "calibration": {
    "unc_bin": [
      0.03973252326250076,
      0.04738679900765419,
      0.0540243536233902,
      0.06220162659883499,
      0.06833071261644363,
      0.07662070542573929,
      0.08453754335641861,
      0.0931195542216301,
      0.09960710257291794,
      0.13388608396053314
    ],
    "err_bin": [
      0.11382530629634857,
      0.11538395285606384,
      0.10151311755180359,
      0.09194755554199219,
      0.10007736086845398,
      0.09287438541650772,
      0.11685838550329208,
      0.11955496668815613,
      0.10956688970327377,
      0.08421233296394348
    ],
    "spearman_like_corr": -0.0020028268822126793
  },
  "ood_action": {
    "logged": {
      "mean": 0.0759446993470192,
      "median": 0.07193949073553085,
      "p90": 0.10199012160301209,
      "p99": 0.12220706999301906
    },
    "SARC": {
      "mean": 0.07000231742858887,
      "median": 0.0643773078918457,
      "p90": 0.08819537535309792,
      "p99": 0.10448154792189591
    },
    "SARC-no-drift": {
      "mean": 0.07057509571313858,
      "median": 0.06560064852237701,
      "p90": 0.0877997398376465,
      "p99": 0.10588329829275608
    }
  }
}