{
  "dataset": "cmp1",
  "box": 1.0,
  "gamma": [
    -0.0007191602190435065,
    -0.00037710736760624195,
    -0.00136004093810231,
    0.0003807614433816294,
    4.61913021726964e-05,
    0.0024078821814637703
  ],
  "SARC": {
    "mae": 0.491682510458178,
    "ce": 0.12134986190804378,
    "mae_std": 0.0006814901442893233,
    "ce_std": 0.009617361314973049
  },
  "age_D-EWMA_bestMAE": {
    "l0": 0.5,
    "l1": 0.7,
    "mae": 0.5023921199117805,
    "ce": 0.5946416354827936
  },
  "D-EWMA_bestMAE": {
    "l0": 0.5,
    "l1": 0.6,
    "mae": 0.4993165651097592,
    "ce": 0.6553507055492432
  }
}