{
  "dataset": "cmp2",
  "box": 1.0,
  "gamma": [
    -0.04984632395926181,
    0.000813587799244421,
    0.11005628399937452,
    0.0009504808640411356
  ],
  "SARC": {
    "mae": 0.23265974825418007,
    "ce": 0.07929089583648648,
    "mae_std": 0.001160398237490737,
    "ce_std": 0.0030394485835364966
  },
  "age_D-EWMA_bestMAE": {
    "l0": 0.3,
    "l1": 0.6,
    "mae": 0.2978598056700565,
    "ce": 0.5045770043211263
  },
  "D-EWMA_bestMAE": {
    "l0": 0.2,
    "l1": 0.5,
    "mae": 0.3014310070063213,
    "ce": 0.24710563014245715
  }
}