{
  "mild": {
    "SARC": {
      "NU": 0.38536667382111056,
      "NU_std": 0.0007228353844843796,
      "MAE": 0.2688946543537553
    },
    "D-EWMA": {
      "NU": 0.3852290749661691,
      "MAE": 0.5604306072353195
    },
    "Kalman": {
      "NU": 0.38523506432477567,
      "MAE": 0.5090149933273233
    }
  },
  "medium": {
    "SARC": {
      "NU": 0.41082357332522923,
      "NU_std": 0.0006463185784768546,
      "MAE": 0.33334460879110683
    },
    "D-EWMA": {
      "NU": 0.4106534581968473,
      "MAE": 0.7798354308068911
    },
    "Kalman": {
      "NU": 0.4106531686310331,
      "MAE": 0.6678605232984633
    }
  }
}