{
  "SARC": {
    "NU": 0.3424506191257048,
    "NU_std": 0.0006309384015278856,
    "MAE": 0.23195915949920742
  },
  "D-EWMA": {
    "NU": 0.34384405206340646,
    "MAE": 0.2915082647866046
  },
  "Kalman": {
    "NU": 0.3461502090476698,
    "MAE": 0.27445862888049316
  }
}