{
  "SARC": {
    "NU": 0.3424506191257048,
    "NU_std": 0.0006309384015278856,
    "MAE": 0.23195915949920742
  },
  "D-EWMA": {
    "NU": 0.362962877180966,
    "MAE": 0.2653803033649555
  },
  "Kalman": {
    "NU": 0.37532719323594904,
    "MAE": 0.22086792299354208
  }
}