{
  "dataset": "cmp2",
  "variant": "SARC-raw-wear",
  "seed": 2024,
  "best_val_mae": 0.23112014470314132,
  "mae": 0.22593062243694248,
  "ce": 0.09499800689878873,
  "rmse": 0.30231201398676244,
  "per_sequence_mae": [
    0.09869495608533423,
    0.3026281820077981,
    0.4009966468438506,
    0.19121185162415108,
    0.10495380376992018,
    0.1127479590030144,
    0.22076326049864292,
    0.14642434137030727,
    0.07499905639206586,
    0.27028285975878436,
    0.610298816425105,
    0.42225443478673697,
    0.1740824443925368,
    0.11000616336241364,
    0.26330595840092585,
    0.07843146353579042,
    0.13815500338872275,
    0.11300116730853915,
    0.3220031301801403,
    0.04641187788270738,
    0.13113970825603852,
    0.26825454163675505,
    0.45685380498838163,
    0.1073231320909184,
    0.1470146751962602,
    0.09892288521708299,
    0.5148701056217154,
    0.08069041219035474,
    0.22596516415638768,
    0.042688663866694856,
    0.11960145862152179,
    0.12715030492593846,
    0.1258367474656552,
    0.26573950114349526,
    0.2639899992019586,
    0.06279171768413938,
    0.1950969931203872,
    0.16728820305849826,
    0.3946154540066015,
    0.23678677800026807,
    0.2283051434593896,
    0.08929705845990352,
    0.6450575835381945,
    0.07077377059153821,
    0.3167000350852807,
    0.16569021437317133,
    0.600815063489503,
    0.53405192875388,
    0.13909525322643193,
    0.3136237198486924,
    0.16415597094843784,
    0.20191360637545586,
    0.0643547621920057,
    0.1217795570846647,
    0.2868394881176452,
    0.13498931839906922,
    0.10703385083211793,
    0.07546862931517155,
    0.09278615408887465,
    0.20014933325971165,
    0.3806740026074377,
    0.140503385104239,
    0.15337995866624018,
    0.23114187138465545,
    0.36540520944717253,
    0.6051056029113091,
    0.35195443127304316,
    0.17230204089234272,
    0.4506547674536705,
    0.26504480076784437,
    0.38959965186024254,
    0.332636057642167,
    0.25593051300772157,
    0.144162218629693,
    0.10199814835901964,
    0.06050026075293621,
    0.3371006136760116,
    0.10281959286935273,
    0.11072937740633886,
    0.1112850985955447,
    0.19889939343556762,
    0.3924204623326659,
    0.2582452426819752,
    0.11819409963715335,
    0.09088553387361269,
    0.44206163831251233,
    0.21447659377008677,
    0.15661247995343397,
    0.16877443328695863,
    0.18952826774594458,
    0.08471297084664305,
    0.3264780364309748,
    0.11198482723177774,
    0.4742065506676833,
    0.07036767091432755,
    0.18558233799412846,
    0.1952211596619557,
    0.19333158170237488,
    0.3290185311343521,
    0.25269696074114606,
    0.14200916172315678,
    0.07110900083637756,
    0.37777636479586363,
    0.23722585002807053,
    0.14189784767349128,
    0.5079162231363032,
    0.2809058242322256,
    0.3027876425268395,
    0.07112389548044455,
    0.22840639110654593,
    0.23377069891632898,
    0.08894800088213135,
    0.22517647260489562,
    0.10031278621560584,
    0.09784664683199178,
    0.2562033358650903,
    0.06521371779187272,
    0.28324660441527766,
    0.3312154768500477,
    0.5325892532244325,
    0.17878484493121505,
    0.07017994784594823,
    0.32784177202054043,
    0.3810092339292169,
    0.30075713831254025,
    0.3435296783933327,
    0.0786341599887237,
    0.24198492999292082,
    0.20934363836422562,
    0.35588013256589573,
    0.15881987146955603,
    0.35034852172248065,
    0.08562094007026065,
    0.10586554766632617,
    0.1876076443120837,
    0.5104042228878193,
    0.11713632386332999,
    0.3082977393642068,
    0.1634281661051015,
    0.3394722295925021,
    0.17729651401548283,
    0.3652636877571543,
    0.1745093521506836,
    0.16461535709221725,
    0.23723103168110052,
    0.11866608374596883
  ],
  "per_sequence_ce": [
    0.06722063992334448,
    0.06761109130457044,
    0.1028520206556372,
    0.04467583334316378,
    0.23302913177758455,
    0.04481981669298627,
    0.16645964186476625,
    0.03041437475476414,
    0.11536481079052795,
    0.09572673665926508,
    0.04407136863016564,
    0.08663386248214089,
    0.038933580534325704,
    0.15875449347431245,
    0.07526090913663873,
    0.23101621582394555,
    0.05216293652420458,
    0.06717103200831584,
    0.16666130284252373,
    0.27586484158580954,
    0.027995655880026196,
    0.15874333533903826,
    0.042957419783554295,
    0.045016381360421125,
    0.05215334163411804,
    0.1735848908353111,
    0.07778158553106629,
    0.0982861450832823,
    0.07269979242912748,
    0.08959199682894078,
    0.08093879080337027,
    0.19230852405662122,
    0.20325276935878006,
    0.031134422448382753,
    0.04001528572883795,
    0.15492016314105553,
    0.04128242004662752,
    0.27714367378503085,
    0.029165932354295536,
    0.1712430261430286,
    0.16080291277688483,
    0.15496306158602238,
    0.09888004179558028,
    0.18837166991498736,
    0.06584110074555097,
    0.06455236786733502,
    0.017937892672812775,
    0.048674795510513444,
    0.20902184255066372,
    0.12145560852844607,
    0.13738036074716112,
    0.08626073388301808,
    0.03162268687843938,
    0.03666641340469536,
    0.130888558195337,
    0.158209049831266,
    0.17200798960402608,
    0.08585943180051717,
    0.13605620320886375,
    0.1294772190892178,
    0.10781317709812097,
    0.07592867225732493,
    0.023030041352562283,
    0.11842290878943774,
    0.14619785742390723,
    0.03426829916001721,
    0.0720141739786967,
    0.11829257756471634,
    0.05472875922999304,
    0.1527122798420134,
    0.05944370138015421,
    0.08001345451074568,
    0.052946324520946844,
    0.08234923624474069,
    0.11930108221159094,
    0.05418506637215614,
    0.17009735639606202,
    0.058520134352147576,
    0.046705197664382664,
    0.12852982399256332,
    0.07040176929339119,
    0.0650252175071965,
    0.08170210489112398,
    0.1567558991638097,
    0.0745328224223593,
    0.20384986243314213,
    0.03769711789715549,
    0.20420915562482106,
    0.08602509264730746,
    0.16773285911906333,
    0.1402770998361318,
    0.04968999836431897,
    0.12257652187889273,
    0.13525442745658042,
    0.06110378984539282,
    0.09712005965411663,
    0.036147284947219305,
    0.13469080601564862,
    0.08107124256860951,
    0.19776852464392072,
    0.0639123597951687,
    0.2097813578491861,
    0.08555427339413892,
    0.10615148233427178,
    0.044180707413364544,
    0.13869440877302128,
    0.06597879115978013,
    0.05494281896390021,
    0.043702077172282666,
    0.23777891713238897,
    0.049044056816703895,
    0.06857049159462685,
    0.05528212180766075,
    0.0777226234583751,
    0.03860665278752213,
    0.06750101741889249,
    0.028663611252103812,
    0.15696676172640012,
    0.05609097040217856,
    0.08032102005458192,
    0.06916489363040614,
    0.05977530824020505,
    0.039961448218673465,
    0.14499507020962865,
    0.049301554604123034,
    0.04277465301565826,
    0.020819149101557938,
    0.0066094076233532495,
    0.11947573368486605,
    0.08237210491105267,
    0.05677081296301406,
    0.033197975049362234,
    0.06169491234634604,
    0.05860260517700859,
    0.08321786760107468,
    0.06000685107640245,
    0.1429567119187635,
    0.05483852145262062,
    0.042323090257528034,
    0.04193876495422876,
    0.03276272165716033,
    0.08816799655070771,
    0.05566788776575223,
    0.12873914973302322,
    0.10487715369495361,
    0.08474220489354237
  ]
}