{
  "dataset": "sim_mild",
  "variant": "SARC-raw-wear",
  "seed": 7777,
  "best_val_mae": 0.2624038189645435,
  "mae": 0.26482640005173536,
  "ce": 0.33790167087378603,
  "per_sequence_mae": [
    0.2861645107757641,
    0.18066911919831066,
    0.28839044363707744,
    0.21894298809805746,
    0.29947343710976587,
    0.33384309843558857,
    0.22664614232568836,
    0.2255523571562643,
    0.24831891461628514,
    0.2645256239881877,
    0.2720698274810523,
    0.44945592429223113,
    0.12602220003394243,
    0.22061181227734608,
    0.4070295297004296,
    0.2556757619711496,
    0.3426667477970304,
    0.23047441647190572,
    0.21939909081169578,
    0.2643455391166906,
    0.29249728693979254,
    0.25599010424726826,
    0.32767979568792616,
    0.27367659600616284,
    0.392212519892216,
    0.24490648904380669,
    0.3240525266865209,
    0.21541395932106286,
    0.3439771579991529,
    0.3419485488547391,
    0.25338380468453847,
    0.2731831580590248,
    0.25234570980366405,
    0.22541993731961127,
    0.21632279841067192,
    0.1539680786680865,
    0.3357096609488294,
    0.24270219978112348,
    0.246262777585048,
    0.19392346543922365,
    0.2158755642305878,
    0.28898239837715484,
    0.2045467133674134,
    0.2363752014569087,
    0.28604229932364894,
    0.26243739755729745,
    0.2536909572381105,
    0.19027220252280067,
    0.24413622341319713,
    0.2304418093024726,
    0.2768989522170236,
    0.310669215751231,
    0.19664544825712116,
    0.23011609815416878,
    0.14458625046970863,
    0.3513638768742779,
    0.3869677797266216,
    0.267765032088191,
    0.25928897521045857,
    0.28662754689279385
  ],
  "per_sequence_ce": [
    0.40526002790364957,
    0.18751715930799642,
    0.3227343439228005,
    0.21324885139862695,
    0.37978840867678326,
    0.39517076106535065,
    0.2824108178416888,
    0.37569495828615296,
    0.28990931063890457,
    0.33342159084147877,
    0.3764665371014012,
    0.6788243792123265,
    0.1637373874998755,
    0.2739563528448343,
    0.5721391497386826,
    0.309463901238309,
    0.4131475792576869,
    0.3479350795969367,
    0.33260327701767284,
    0.33936918195750976,
    0.3949377979669306,
    0.3869900233629677,
    0.25660233944654465,
    0.45123985823657775,
    0.5976692272557153,
    0.17712945046110284,
    0.4684448432591226,
    0.27716856822371483,
    0.44206840586331153,
    0.38596469453639454,
    0.19785350975063112,
    0.3848308018512196,
    0.3163356232560343,
    0.24569582732187378,
    0.3520402092900541,
    0.17429090787967047,
    0.3644510151611434,
    0.25848004035651684,
    0.2889981319506963,
    0.33914726807011497,
    0.24645194587194258,
    0.4789908586276902,
    0.25471209465629524,
    0.3240480290518867,
    0.298727981125315,
    0.3493028287258413,
    0.3820626454220878,
    0.17278241169535452,
    0.27126582753327155,
    0.2014658765660392,
    0.3605217422462172,
    0.4003068245947361,
    0.17274153201530376,
    0.20426753349602222,
    0.1529276952561405,
    0.4195597962372833,
    0.6282343007624149,
    0.3973369304504659,
    0.4312922991812229,
    0.37396350006262463
  ]
}