{
  "dataset": "sim_mild",
  "variant": "SARC-raw-wear",
  "seed": 2024,
  "best_val_mae": 0.26506443602000807,
  "mae": 0.2694187833401032,
  "ce": 0.3346543176142775,
  "per_sequence_mae": [
    0.23514975453473894,
    0.2262950042708214,
    0.2506029997205655,
    0.26639626136967726,
    0.2739882651943473,
    0.3038328660656814,
    0.25163873545620524,
    0.2333251366871659,
    0.2695674057472001,
    0.26449767670518826,
    0.24845697586701102,
    0.3893009968763815,
    0.170679695572787,
    0.24755811118155557,
    0.36763730964264935,
    0.2481738952218855,
    0.45119952281189374,
    0.22019380684345585,
    0.24493599553739095,
    0.2801990002347356,
    0.26854996222088284,
    0.2208353954611406,
    0.3465080307382634,
    0.2720238148385619,
    0.4622795010601834,
    0.22762275106242497,
    0.30465713753909435,
    0.22131783440760844,
    0.3118441812397101,
    0.30875666239830724,
    0.2268634379590687,
    0.3014166551798237,
    0.22270809538073807,
    0.22854733427110538,
    0.20811876100265567,
    0.1712607373356101,
    0.3083584862258087,
    0.220480969689902,
    0.26607520764586584,
    0.17970587623882292,
    0.2771635761886288,
    0.29537294122178703,
    0.16857052638246914,
    0.28038353277831757,
    0.30851206902052597,
    0.2851506981024293,
    0.2991614280132642,
    0.24212472466731053,
    0.23929071605509455,
    0.29359867979538506,
    0.28047507424055407,
    0.3520608817342541,
    0.1880901510403405,
    0.2539974112185003,
    0.13762991838816255,
    0.3740642562746833,
    0.3124071589120816,
    0.29274452282658947,
    0.255640202883575,
    0.30712828322532437
  ],
  "per_sequence_ce": [
    0.3528948724269867,
    0.16989771597501305,
    0.27227968846758205,
    0.24862302653491497,
    0.3414572692579693,
    0.37498991522524094,
    0.28536224147925776,
    0.4097298040158219,
    0.41781338180104893,
    0.280539622840782,
    0.28184564784169197,
    0.5336035372068485,
    0.1766656581312418,
    0.2708559663345416,
    0.4785482349495093,
    0.27401570934388375,
    0.5586990428467592,
    0.355190666185485,
    0.3661828798552354,
    0.42254335640205276,
    0.3122190514372455,
    0.2984492640114493,
    0.262855112604383,
    0.45227985291017425,
    0.7068173057503171,
    0.19964326742208666,
    0.45150004141032696,
    0.2890953121499883,
    0.3629194299379985,
    0.33101709766520393,
    0.2279002908617258,
    0.4214067014141215,
    0.308266563858423,
    0.25859139921764535,
    0.332199743638436,
    0.1556057200456659,
    0.32205749365190667,
    0.2166023643480407,
    0.26238155882391667,
    0.334568686162432,
    0.2196855398101939,
    0.4986153182884057,
    0.2084226001881891,
    0.412795049448808,
    0.3524497395588292,
    0.3640262186527252,
    0.42095817294385696,
    0.20600848769148192,
    0.2685469796674119,
    0.23183294696112475,
    0.3478847690340545,
    0.5249160350196891,
    0.1706110615697172,
    0.18564753234386444,
    0.15160441978110206,
    0.41561660708652604,
    0.464748527854681,
    0.38971593230962753,
    0.46901806050704586,
    0.3980405636959606
  ]
}