{
  "dataset": "cmp2",
  "variant": "SARC-raw-wear",
  "seed": 789,
  "best_val_mae": 0.23669792058411424,
  "mae": 0.23173167180105306,
  "ce": 0.09345458136729434,
  "rmse": 0.3073854887183863,
  "per_sequence_mae": [
    0.09951641173878063,
    0.34778296889825944,
    0.41945372490833205,
    0.1905583736176292,
    0.13532010874832454,
    0.12992513629243427,
    0.24984284148861965,
    0.09140243509873039,
    0.09082711050691812,
    0.2750032579836746,
    0.5820445694650213,
    0.41555200920750696,
    0.1685346533103209,
    0.10920404681625466,
    0.27632644359508285,
    0.09487950302321803,
    0.14155561399335662,
    0.11387584392320026,
    0.3394820438697934,
    0.07437475143081468,
    0.12968746883173785,
    0.2227978812685857,
    0.4457679189660627,
    0.12100072354888139,
    0.15242241051358482,
    0.13802567683160305,
    0.5070088477805257,
    0.08573805447667837,
    0.23924449187419985,
    0.05957612650387961,
    0.10651187808252871,
    0.150212110641102,
    0.1956853580971559,
    0.27147746551781893,
    0.26969727221876383,
    0.09256954244135515,
    0.19946445454843342,
    0.171980884680081,
    0.3653598701242696,
    0.29297824982892384,
    0.2599274061309795,
    0.08675796492025256,
    0.6468557898576061,
    0.08418019272779163,
    0.29936693608760834,
    0.1815690480483075,
    0.5980177375144864,
    0.5296563760970127,
    0.1915217466991056,
    0.32930009775673563,
    0.19708083725223938,
    0.2013602356115977,
    0.06802326436761928,
    0.13723118940833956,
    0.27833713854973513,
    0.0864943415702631,
    0.09499834653817946,
    0.05873197323197256,
    0.10925920875299544,
    0.24183360300958157,
    0.3660397496582432,
    0.14096277587426206,
    0.1389106009931614,
    0.2714590595375436,
    0.4329210479997776,
    0.602304609613898,
    0.3269911628837387,
    0.19963473423073688,
    0.44351330244292814,
    0.2722911264070056,
    0.3917272928255526,
    0.32975280410407676,
    0.25613759683134657,
    0.10118147746349375,
    0.09471351763402874,
    0.060095252158741154,
    0.32458826061338186,
    0.09660901803345907,
    0.11839092938074221,
    0.14986593175369003,
    0.16369857817577818,
    0.419267482124269,
    0.28190782425614697,
    0.14948461403179428,
    0.09848899006222685,
    0.4446562204608007,
    0.20138947184508046,
    0.16476566376249221,
    0.15267367979609653,
    0.1864179507829249,
    0.07946301218665515,
    0.3356919965396325,
    0.13968321895631758,
    0.47450306398483616,
    0.0736757516014305,
    0.17661260878667234,
    0.18719193432480097,
    0.19803110117335682,
    0.3442414163146168,
    0.3094594196670435,
    0.18525632905463377,
    0.13533541952948208,
    0.3788756104186177,
    0.24349662170491435,
    0.13095111598301193,
    0.5822738921269774,
    0.2815365855737279,
    0.29667681894664255,
    0.06739991065114737,
    0.24811566815796224,
    0.2441835893601503,
    0.09125353372655809,
    0.21893503741982082,
    0.08336396204928558,
    0.09932307285877566,
    0.25532083011542756,
    0.063818344361304,
    0.31113651550064486,
    0.3361897806171328,
    0.5541720220819115,
    0.1851146820699796,
    0.07256225286982954,
    0.3568605371666225,
    0.4383746379986405,
    0.3006158427927982,
    0.3477125790945831,
    0.0838099882627527,
    0.24191909914629328,
    0.17659547263756395,
    0.33099856103459996,
    0.165629141110306,
    0.347774123850589,
    0.08276551411571828,
    0.10347321031925578,
    0.19935879968106746,
    0.4920630197891075,
    0.09616909874603152,
    0.30685485903883264,
    0.14729541268510124,
    0.3302189592892925,
    0.17198466837568127,
    0.37614891088257235,
    0.1769718201054881,
    0.12632986615695382,
    0.2443284553786119,
    0.11440924531780183
  ],
  "per_sequence_ce": [
    0.0671833185074122,
    0.038715012301690874,
    0.13455386970030225,
    0.04019135730746,
    0.20701708797026763,
    0.0426349982788617,
    0.14459924739987953,
    0.032856467994861305,
    0.10852244970473376,
    0.08262285978897758,
    0.06040320816733267,
    0.07347719711454018,
    0.07300082826986909,
    0.15371453438116156,
    0.08113780575381084,
    0.28510468719261034,
    0.03814528809617395,
    0.052461594520580204,
    0.1602957217913607,
    0.2041145542805845,
    0.022104704033826358,
    0.19775286397856215,
    0.035369660345498814,
    0.06323289121924476,
    0.07660677162525446,
    0.16606621468520683,
    0.07349189516642819,
    0.1033414874387824,
    0.0581037380986593,
    0.10674975947900252,
    0.08734483988550694,
    0.1434948745629062,
    0.19398254318081815,
    0.007285059495505107,
    0.03984627570025623,
    0.15992111035368659,
    0.03137992984493789,
    0.3057386167347431,
    0.028981767838732117,
    0.13567088384713447,
    0.14710511080920696,
    0.1633826507255435,
    0.10950230134894019,
    0.16159318449596563,
    0.04506000074679437,
    0.078355112882412,
    0.019778139074333012,
    0.049289035433459846,
    0.1869054917423498,
    0.11504617959938267,
    0.0914173916630123,
    0.08763527246597021,
    0.031222907551140947,
    0.03655379026642312,
    0.11639025467245476,
    0.1577993877556013,
    0.23515367577783763,
    0.08927644061093981,
    0.15689927022904157,
    0.0839603084301495,
    0.09353597905664217,
    0.0890432633459568,
    0.034871354456181114,
    0.0910514646574207,
    0.18808993608469055,
    0.055010668129067526,
    0.08850886850901273,
    0.11096283785350945,
    0.0665885165495717,
    0.18415360436553047,
    0.04312660308953907,
    0.06253261263058944,
    0.06952048271246579,
    0.09513198811074962,
    0.12292882347745555,
    0.1071762889623642,
    0.12535288530801023,
    0.04762211181223393,
    0.05805333217848902,
    0.10970287786229797,
    0.09486904950893443,
    0.0647454963511099,
    0.07989648664775102,
    0.2240464324978265,
    0.08177730773130189,
    0.22115525913735232,
    0.05342271883526574,
    0.19065171160868236,
    0.06638769288029936,
    0.1724695549124763,
    0.1598091695619666,
    0.046685153011070644,
    0.0656982003711164,
    0.1234413875752817,
    0.05256566081550859,
    0.08372012741471592,
    0.03983735525980592,
    0.16278064335611733,
    0.08148899658218674,
    0.21497360191174916,
    0.06646499556043874,
    0.2268808108161796,
    0.06969244996814625,
    0.09010259780500617,
    0.044592910065231,
    0.03196585816542872,
    0.10225699068573506,
    0.04856543203350157,
    0.055766798038449555,
    0.19303084652693497,
    0.03648321952840144,
    0.06058557197937499,
    0.0635014503546383,
    0.06856157622583535,
    0.04339876576610233,
    0.059752713372606944,
    0.01973621040056257,
    0.18919412929402746,
    0.04377404827138652,
    0.08513315036696822,
    0.0761222499422729,
    0.037030115126348705,
    0.05616004141047597,
    0.2119610097847487,
    0.06088633972796656,
    0.02775995647534728,
    0.007524800375508873,
    0.0033289853120496604,
    0.10953699062137227,
    0.07892026436393676,
    0.047102988292665585,
    0.056564594376022403,
    0.08538478311328661,
    0.049365192408794945,
    0.07623016157824743,
    0.060842852319844744,
    0.1175005363057489,
    0.05349012434016913,
    0.05558632605749628,
    0.050667232995771846,
    0.03927396356382153,
    0.09959255239885786,
    0.05486643310312344,
    0.129767930643125,
    0.06615805658309357,
    0.07581918241213197
  ]
}