{
  "dataset": "sim_medium",
  "variant": "SARC-raw-wear",
  "seed": 123,
  "best_val_mae": 0.27522292001395704,
  "mae": 0.27394134680733156,
  "ce": 0.30215374056887984,
  "per_sequence_mae": [
    0.29297301398396464,
    0.19531591537976215,
    0.32958326521099524,
    0.29692266682684726,
    0.3112748547929794,
    0.3141919596820037,
    0.2655328881377803,
    0.26131385055645834,
    0.2917910082297982,
    0.24885002299835332,
    0.26798706834835967,
    0.34810647503230946,
    0.12241866504075456,
    0.2512868452924645,
    0.2767676149269112,
    0.287977951206157,
    0.39777091517450464,
    0.27641399692497437,
    0.2681112431765471,
    0.2695829197684155,
    0.2562798112183177,
    0.2588251479821629,
    0.3232550387026255,
    0.2813630893664226,
    0.3455765391103405,
    0.30435882765883626,
    0.29142022723569994,
    0.252925367807141,
    0.30898601754036265,
    0.31286665854367046,
    0.25224494462038444,
    0.3060718701885219,
    0.21810012133026271,
    0.24994951224727274,
    0.21798338168358797,
    0.23320072828306995,
    0.38191378311837537,
    0.22290064829684597,
    0.2769583661950671,
    0.17401398827059916,
    0.21078318730711057,
    0.28898985097409663,
    0.18225600706059938,
    0.2409524090301158,
    0.24399569135954105,
    0.28380190863649374,
    0.2815253191314449,
    0.2760323318314931,
    0.23099605898642017,
    0.30422468358838217,
    0.30810953342322234,
    0.3015061336415091,
    0.30003560776931815,
    0.25389779666830153,
    0.2098985327121086,
    0.3278541097092354,
    0.3346461298381223,
    0.3271033459946248,
    0.20626835478202424,
    0.28023660590582394
  ],
  "per_sequence_ce": [
    0.4807824285493957,
    0.19614054862823752,
    0.15681598004367617,
    0.21040458232164383,
    0.4642938988076316,
    0.34936851511398953,
    0.21364398383431965,
    0.4419746788011657,
    0.22964361496269703,
    0.2348085455596447,
    0.25512931019895607,
    0.47388239329059917,
    0.1926336031821039,
    0.2216951467303766,
    0.3689344802664386,
    0.36069010487861103,
    0.4586225826707151,
    0.4248312871075339,
    0.2760883669058482,
    0.3226561438706186,
    0.26277028272549313,
    0.41669780957616037,
    0.2687075013915698,
    0.45343366182512707,
    0.5146250948309898,
    0.1615456911838717,
    0.36708103492856026,
    0.23410932895623976,
    0.2903529277278317,
    0.3605630546808243,
    0.20930240406758255,
    0.3107657135567731,
    0.3325724529309405,
    0.21978042378193802,
    0.3481027591559622,
    0.13927539438009262,
    0.2765684723854065,
    0.2567668909000026,
    0.3322371823920144,
    0.2658221655421787,
    0.20669886531929174,
    0.5171951684686873,
    0.1823491466542085,
    0.2670816058913867,
    0.1870365178005563,
    0.28782514586216873,
    0.35114027394188774,
    0.15407133888867167,
    0.27196817265616524,
    0.23095905470351377,
    0.3195139538082812,
    0.38107802760269904,
    0.1410957752313051,
    0.21721095188210407,
    0.15032705064449045,
    0.3590995172659556,
    0.43213730967707104,
    0.4179638893240028,
    0.3305681761768129,
    0.36978404968976974
  ]
}