{
  "dataset": "sim_mild",
  "variant": "SARC-raw-wear",
  "seed": 123,
  "best_val_mae": 0.260735807198175,
  "mae": 0.25871005859491664,
  "ce": 0.3359938152410366,
  "per_sequence_mae": [
    0.29248731431619346,
    0.19096005326812718,
    0.22523610563515647,
    0.24076550913004732,
    0.3274543308351575,
    0.34987009083225845,
    0.21509039854875073,
    0.2262139852365018,
    0.23834835588299674,
    0.2316850709938368,
    0.21562120396077136,
    0.41225009631814347,
    0.15091165294974912,
    0.22048274830680809,
    0.38622398083695086,
    0.2663824906249663,
    0.44476865677487853,
    0.1936953533620783,
    0.23155158209069385,
    0.26753714654263444,
    0.26228526164672233,
    0.2962493238150581,
    0.3249805718303111,
    0.27891514880648066,
    0.3370870441565917,
    0.22329598018784674,
    0.3607373415807862,
    0.2134255946342432,
    0.2720755102548946,
    0.29306182007809084,
    0.24379215004741062,
    0.29454265967840326,
    0.2015808366291277,
    0.20465057731057062,
    0.23602931557244275,
    0.17827088504494545,
    0.36668861898856187,
    0.18184899088627623,
    0.2499049564042403,
    0.16210738004193723,
    0.2553820860940673,
    0.2778982479180419,
    0.18510353026561427,
    0.2417301758426733,
    0.23604892080722545,
    0.2780923502048582,
    0.27990106945877463,
    0.1934297839682768,
    0.21842324107250377,
    0.2279976241662803,
    0.256090596502048,
    0.3275636560990936,
    0.16270754901343967,
    0.21906447836419607,
    0.15249406687759945,
    0.3387016727165767,
    0.3463416567378646,
    0.2882060806671548,
    0.22391660562304203,
    0.30444402925402203
  ],
  "per_sequence_ce": [
    0.4547165607412656,
    0.20015971755815876,
    0.265984739901291,
    0.21935980497962898,
    0.4548436775803566,
    0.4228440961903996,
    0.24087822313110033,
    0.3866725141803424,
    0.26029228005144334,
    0.24181831462515724,
    0.28887338087790543,
    0.5875972716344727,
    0.19484882180889448,
    0.2561895280248589,
    0.5444566094213061,
    0.35440338568554985,
    0.580269748551978,
    0.30713334182898205,
    0.39714722397426766,
    0.35776945596767795,
    0.30387957269946736,
    0.4311147460507022,
    0.28033772773212856,
    0.5262063696152635,
    0.5929927561018202,
    0.195943934429023,
    0.5181690346863534,
    0.26599041144880986,
    0.3154606943329175,
    0.4567524550689591,
    0.2474805089748568,
    0.4317635986953974,
    0.32401378576954204,
    0.22485138351718584,
    0.38719432966576683,
    0.15563614873422515,
    0.33546559554007316,
    0.2290197898530298,
    0.29093947013219196,
    0.30344475205573773,
    0.1945460005145934,
    0.4847064030667146,
    0.22643358901970917,
    0.2807503467839625,
    0.2667399043631222,
    0.3417772054672241,
    0.3908274898098575,
    0.1826090527077516,
    0.2657017389105426,
    0.2523766653612256,
    0.33814754254288143,
    0.45849237259891296,
    0.1512666969663567,
    0.22826658623913923,
    0.14870429577098954,
    0.3674433132012685,
    0.4778664739181598,
    0.40292293454209965,
    0.3974916094707118,
    0.4696429313884841
  ]
}