{
  "dataset": "sim_medium",
  "variant": "SARC-raw-wear",
  "seed": 1024,
  "best_val_mae": 0.2893868015440715,
  "mae": 0.2914365442055112,
  "ce": 0.29935397412455467,
  "per_sequence_mae": [
    0.26088122439527084,
    0.23267994912872073,
    0.3502057950630569,
    0.326182298228191,
    0.33405076470861855,
    0.36193021482028653,
    0.30829689227113777,
    0.24186464229085042,
    0.3257538835635481,
    0.27718504015655404,
    0.2637062940019107,
    0.3728798932212875,
    0.15911069480556972,
    0.2501210557645114,
    0.3634267703727284,
    0.29899904533961497,
    0.35055493638244545,
    0.25456722026483086,
    0.28963729734975296,
    0.25123397204248216,
    0.24091463389763434,
    0.29113227781399964,
    0.31842383992066486,
    0.29026851821914995,
    0.39535474464915105,
    0.3351285916427257,
    0.32262450753860483,
    0.29489492155003405,
    0.3254150568427062,
    0.32982004811094195,
    0.20139183115011028,
    0.3144252315469724,
    0.2418383295494447,
    0.2810955968649857,
    0.24039014596169742,
    0.27991688977553736,
    0.3326717206319132,
    0.21943711451087267,
    0.25352171935406614,
    0.22297682890464762,
    0.2492708890369796,
    0.2665464022796623,
    0.22566716094927922,
    0.28287920756570584,
    0.2883682178998291,
    0.30830523800887394,
    0.2965459720380556,
    0.24802419555242564,
    0.3176029039583767,
    0.36415919309253447,
    0.32166542958439637,
    0.30326005399739353,
    0.3243118713627048,
    0.2732547455221336,
    0.27648423341374967,
    0.3542295891088869,
    0.35969226965019774,
    0.29884123506601123,
    0.19978390904506282,
    0.3223895025911818
  ],
  "per_sequence_ce": [
    0.4233220461755991,
    0.20599365493075716,
    0.18868277004609504,
    0.2536013432674938,
    0.3534922268655565,
    0.3664445895701647,
    0.2514937890486585,
    0.3852922504560815,
    0.2841529995203018,
    0.26134154283338124,
    0.1916621331539419,
    0.4594387552804417,
    0.13914229006816944,
    0.23874277590463558,
    0.47034084382984376,
    0.35416837140089935,
    0.3979920703503821,
    0.34976613169742954,
    0.2576939608487818,
    0.2841096173764931,
    0.29113748628232217,
    0.32865886110812426,
    0.27953768780248034,
    0.3823325304935376,
    0.5460396802259816,
    0.18303193110558721,
    0.38378433748665786,
    0.2549788573135932,
    0.3159788068797853,
    0.4035974687172307,
    0.20237823182510006,
    0.2971880372820629,
    0.3601695433672931,
    0.2837017940150367,
    0.29499368328187203,
    0.13824064139690664,
    0.2674789877815379,
    0.26647220158742535,
    0.23349339473578665,
    0.3211535767962535,
    0.20862536608344978,
    0.45837519814570743,
    0.2245244105449981,
    0.3367808047268126,
    0.20889808858434358,
    0.326955444075995,
    0.3505568177335792,
    0.15569112760325274,
    0.24649991281330585,
    0.2271567303687334,
    0.3310855012387037,
    0.37222495385342175,
    0.16518743843254116,
    0.2313368223193619,
    0.15290925527612367,
    0.3833581242296431,
    0.45433222502470016,
    0.349953417148855,
    0.28851962006754345,
    0.33704528709252674
  ]
}