{
  "dataset": "cmp1",
  "variant": "SARC-raw-wear",
  "seed": 7777,
  "best_val_mae": 0.46702252557473395,
  "mae": 0.48870166628126804,
  "ce": 0.17066751533375596,
  "rmse": 0.7834654510047233,
  "per_sequence_mae": [
    0.26324858143925667,
    0.13384217768907547,
    0.1636246219277382,
    0.1471828557550907,
    0.14942459389567375,
    0.06711679510772228,
    0.40660930673281354,
    0.3981539805730184,
    0.35174239344067043,
    0.16514378041028976,
    0.09721853211522102,
    0.09579107910394669,
    0.7253965735435486,
    0.6762364506721497,
    0.667427122592926,
    0.22592870484698901,
    0.1873118064620278,
    0.15326242284341293,
    2.0520020723342896,
    2.05121248960495,
    2.0533198714256287,
    0.5104741811752319,
    0.4379068613052368,
    0.42692612409591674,
    0.06669985502958298,
    0.08590757101774216,
    0.10489171743392944,
    2.196322441101074,
    2.1991992791493735,
    2.1808942556381226,
    0.665398097038269,
    0.6094447195529937,
    0.5494606733322144,
    0.20365936557451883,
    0.26136436065038043,
    0.21136466165383658,
    0.44189127286275226,
    0.4533814489841461,
    0.43181051810582477,
    0.4778197109699249,
    0.3743201673030853,
    0.3771254062652588,
    0.25059289071295,
    0.11473517699374093,
    0.09081381683548291,
    2.178068995475769,
    2.1636165380477905,
    2.1637582778930664,
    0.3457847461104393,
    0.33511923750241596,
    0.329476257165273,
    2.2960733572642007,
    2.302363554636637,
    2.291560173034668,
    1.9422577619552612,
    1.929414987564087,
    1.9276840686798096,
    0.1536865308880806,
    0.08909933269023895,
    0.0831453986465931,
    2.0799726645151773,
    2.107905705769857,
    2.085273027420044,
    0.38253484666347504,
    0.3603629767894745,
    0.34493687748908997,
    0.1555236652493477,
    0.09597048535943031,
    0.09320618957281113,
    0.025029935874044895,
    0.018410302232950926,
    0.04021354764699936,
    1.9014771382013957,
    1.8972851832707722,
    1.8976719776789348,
    0.004975184332579374,
    0.015463659539818764,
    0.025745140854269266,
    0.1459833588451147,
    0.16165499202907085,
    0.11209416016936302,
    0.46275754272937775,
    0.4458261728286743,
    0.428369864821434,
    0.039392562583088875,
    0.0074944645166397095,
    0.007263949606567621,
    0.5512246966362,
    0.45364764928817747,
    0.44344267845153806,
    0.40951304137706757,
    0.3752833157777786,
    0.31979186832904816,
    0.08310926891863346,
    0.01854821527376771,
    0.049459357745945454,
    0.42799898982048035,
    0.3553938567638397,
    0.35433852672576904,
    0.06410745903849602,
    0.041674332693219185,
    0.02119018347002566,
    0.3882100582122803,
    0.34074944257736206,
    0.3338088244199753,
    0.2776864469051361,
    0.15692139913638434,
    0.12940217554569244,
    0.32922032475471497,
    0.34591223299503326,
    0.31463170051574707,
    0.536850128855024,
    0.5211180703980582,
    0.4754453940050943,
    0.19854852557182312,
    0.2750648379325867,
    0.28312366604804995,
    0.2505054250359535,
    0.27150464802980423,
    0.30891774594783783,
    0.05698630795814097,
    0.03745132661424577,
    0.09238823130726814,
    0.46771140396595,
    0.44870124260584515,
    0.4326210568348567,
    0.5578041225671768,
    0.5480188131332397,
    0.5338470041751862
  ],
  "per_sequence_ce": [
    0.06611272080668382,
    0.16702882466571672,
    0.32067325338721275,
    0.09952106575171153,
    0.101766354093949,
    0.2281196154654026,
    0.04869401082396507,
    0.09183114138431847,
    0.13661703746765852,
    0.06681814730506051,
    0.07844672707671468,
    0.1724187352440574,
    0.19271041452884674,
    0.2554623782634735,
    0.31456324458122253,
    0.18720276476815342,
    0.15632253289222717,
    0.34168951474130155,
    0.19308706450586519,
    0.3721526893787086,
    0.06901383252503972,
    0.06811387464404106,
    0.17296186089515686,
    0.2743930257856846,
    0.5323171522468328,
    0.7105260044336319,
    0.5409889767567316,
    0.5853011233033613,
    0.0345760834403336,
    0.2022414902690798,
    0.09044155136992534,
    0.14650958424641025,
    0.22795886463589138,
    0.030346007086336613,
    0.09082843363285065,
    0.28628815710544586,
    0.09941901080310345,
    0.17549095302820206,
    0.24486849457025528,
    0.16129369474947453,
    0.1430040029808879,
    0.18790161982178688,
    0.021625219960696995,
    0.07240306958556175,
    0.1736774812452495,
    0.4945358335971832,
    0.010026037693023682,
    0.010715365409851074,
    0.06591450857619445,
    0.09326136857271194,
    0.131233599036932,
    0.8990164697170258,
    0.36142725497484207,
    0.8043577770004049,
    0.5485321879386902,
    0.1657976359128952,
    0.11253535747528076,
    0.5269861817359924,
    0.07929682731628418,
    0.3033236563205719,
    0.04409431538078934,
    0.32633623853325844,
    0.2649347446858883,
    0.29136645793914795,
    0.2758430242538452,
    0.25478696823120117,
    0.16209109127521515,
    0.033048082143068314,
    0.06892656534910202,
    0.10893846303224564,
    0.23148274421691895,
    0.4610295295715332,
    0.25674889981746674,
    0.05555461533367634,
    0.0539046386256814,
    0.02061541937291622,
    0.06067046523094177,
    0.1269686073064804,
    0.03943381445216281,
    0.052678895848137994,
    0.12665690455053533,
    0.07026653736829758,
    0.3112758696079254,
    0.39390382170677185,
    0.1704753190279007,
    0.5446951389312744,
    0.7845261693000793,
    0.0771453408524394,
    0.0808735741302371,
    0.11088595259934664,
    0.36458560824394226,
    0.34602805972099304,
    0.09685572236776352,
    0.059268444776535034,
    0.07018772202233474,
    0.2195561776558558,
    0.13252511620521545,
    0.01931803487241268,
    0.3261599540710449,
    0.1142854659507672,
    0.38406139612197876,
    0.3405897070964177,
    0.1389704793691635,
    0.07418439537286758,
    0.1320883333683014,
    0.1290970079600811,
    0.06255552847869694,
    0.07870948538184167,
    0.06708673139413197,
    0.06349897074202697,
    0.221932386358579,
    0.07799242530018091,
    0.09302460836867492,
    0.12974166062970957,
    0.20328455651178956,
    0.10995422024279833,
    0.5607955176383257,
    0.1697010587900877,
    0.21681148558855057,
    0.4344293773174286,
    0.0429237342572638,
    0.03215190369103636,
    0.052743581788880486,
    0.03491506464779377,
    0.1906498407945037,
    0.2513830095529556,
    0.06610628714164098,
    0.22605974599719048,
    0.3969384878873825
  ]
}