{
  "dataset": "cmp2",
  "variant": "SARC-raw-wear",
  "seed": 7777,
  "best_val_mae": 0.23433948256305467,
  "mae": 0.22839583479898348,
  "ce": 0.0965618228300074,
  "rmse": 0.30435055988377946,
  "per_sequence_mae": [
    0.09970748818401869,
    0.32105866229782504,
    0.4171812537436684,
    0.17259507067501545,
    0.1558411529733111,
    0.09239921330109886,
    0.19557791575789452,
    0.11206878531014636,
    0.08054158856849307,
    0.2954390534820656,
    0.6093350428466996,
    0.42003345023840666,
    0.16482410148570412,
    0.10692949410683165,
    0.27326291627453075,
    0.1455459991808642,
    0.12380121438764036,
    0.11571263928305019,
    0.32306172465905547,
    0.051829325136445135,
    0.13178410633311918,
    0.23332263531240946,
    0.4326445375690642,
    0.11940185482735219,
    0.17324859035822252,
    0.10261322340617578,
    0.5127474699790279,
    0.08831664318374048,
    0.22861535786448614,
    0.05384230382902467,
    0.10624017787631601,
    0.1275737362448126,
    0.13566852729612341,
    0.2618217884252469,
    0.23946942579325126,
    0.0639787195250392,
    0.200936234012867,
    0.17480437741393134,
    0.3694278925487941,
    0.23050070215355267,
    0.23499920731410384,
    0.08915398380763474,
    0.639899873174727,
    0.06297599558571451,
    0.30984310898929834,
    0.15512624708935618,
    0.6064763738234576,
    0.5301867788657546,
    0.15152035441926934,
    0.31714481823956187,
    0.19924156779112914,
    0.2378155275558432,
    0.07243394272644883,
    0.13121364576121172,
    0.3146773780075212,
    0.13195395927565792,
    0.08787536196824577,
    0.06064777499388741,
    0.08881025561796767,
    0.2283402377118667,
    0.3608533104204319,
    0.13517623068764806,
    0.16721469482096532,
    0.28204389149323106,
    0.40904087683355267,
    0.5992159992861359,
    0.34459006506949663,
    0.17631491211553416,
    0.44577759224921465,
    0.29189417020163755,
    0.38561423165215686,
    0.36725120177573484,
    0.2509790240631749,
    0.14669133947851756,
    0.10029075074602258,
    0.0718326224014163,
    0.32786052270481986,
    0.09717358746344135,
    0.116283359277683,
    0.09279441786929965,
    0.1809656748858591,
    0.35085015775014955,
    0.27894214789072674,
    0.18481630447280148,
    0.10693898261524737,
    0.47428224583793627,
    0.20636237738654017,
    0.1615030270239169,
    0.15615267997705623,
    0.21208162099884992,
    0.07989485709307094,
    0.3063779752701521,
    0.14478346628501362,
    0.461501579809313,
    0.0732147112404081,
    0.20803733728826046,
    0.1783323016784647,
    0.1754978909359678,
    0.329984254281347,
    0.26948324480856006,
    0.17262704002981386,
    0.08812309384507977,
    0.3820606814697385,
    0.23351226188242435,
    0.1299590855108007,
    0.5365979885682464,
    0.2796512023390581,
    0.298700925982779,
    0.06954591971282896,
    0.2397824072025039,
    0.22659391266010379,
    0.08855972927995026,
    0.21148855277958015,
    0.0837526877100269,
    0.09705923047537605,
    0.22844974576340368,
    0.06594802650700633,
    0.2854799289877216,
    0.3362340364449968,
    0.5703068027272821,
    0.1803647099683682,
    0.05326291132951155,
    0.3714528677307747,
    0.40176344085484744,
    0.33539826194332406,
    0.3406766822029437,
    0.07217461941763759,
    0.24208928861965737,
    0.1863172863610089,
    0.3268075600111236,
    0.15031491596406946,
    0.3605464598319183,
    0.08887461632151496,
    0.12665279884822667,
    0.21057613305747508,
    0.48700826311402995,
    0.1465383251197636,
    0.2947640549834995,
    0.1490359272963057,
    0.3176208132257064,
    0.17467823899958446,
    0.3600528448199232,
    0.1711847393307835,
    0.12545513681581485,
    0.27400866989046335,
    0.11784538254141808
  ],
  "per_sequence_ce": [
    0.077840781406216,
    0.04596927780658007,
    0.13694270700216293,
    0.05401347561374954,
    0.2284154532985254,
    0.06423179754479365,
    0.14390612150663915,
    0.037831427855417134,
    0.09072211647236889,
    0.07377482675339865,
    0.0721071326052365,
    0.08255287689035354,
    0.0842560405532519,
    0.1833880490258984,
    0.07576895083978095,
    0.30264105434928623,
    0.04829835909945161,
    0.04518141828122593,
    0.14660303505218547,
    0.2431611313738606,
    0.02059397032565397,
    0.1765345607114875,
    0.06300172533585945,
    0.055899402952160344,
    0.05860692258600308,
    0.20941077828731225,
    0.08257275835975357,
    0.12888336092557595,
    0.06562568528831682,
    0.09151105650446632,
    0.07590093892877517,
    0.1528299198202465,
    0.2246370218370272,
    0.03463308237310823,
    0.047018314616500655,
    0.15202517892149361,
    0.04229329913125738,
    0.30298817763105035,
    0.02883594336232082,
    0.16421351901122502,
    0.15709389713795288,
    0.21292261872440577,
    0.09588393820044787,
    0.18274107947945595,
    0.07026492751648893,
    0.03436551200549887,
    0.02564787815531923,
    0.04989709450109374,
    0.20263769202643916,
    0.0991777789101682,
    0.11768213011648344,
    0.10259487965832585,
    0.029320101444186134,
    0.03319686237702389,
    0.11988430121994537,
    0.21017109262554542,
    0.2366314569953829,
    0.08521429178389636,
    0.14778506997972726,
    0.07411431363257377,
    0.09081599338068849,
    0.08646742375972478,
    0.019990269864059013,
    0.09179300806768563,
    0.15129440588255724,
    0.04532815899107267,
    0.07993741948967395,
    0.1356684212451396,
    0.05437831050189941,
    0.17173559626653082,
    0.06537821344543426,
    0.062283039431680336,
    0.04586088697871436,
    0.08554178565416647,
    0.11304752706062227,
    0.07612843438982964,
    0.1341564277453082,
    0.06569622908718883,
    0.04136469745603592,
    0.11013032139643379,
    0.09059168066343536,
    0.05297823544875111,
    0.08302597260183614,
    0.20336717409505087,
    0.07332968995299029,
    0.2076757884480887,
    0.05020743827133075,
    0.1725894645566032,
    0.06881974665965471,
    0.23845449941498892,
    0.13196669567538344,
    0.054370066232007484,
    0.08270615625025873,
    0.15904015553710255,
    0.048007333340744175,
    0.1055157154210304,
    0.056564212194643915,
    0.12147292503240434,
    0.10585270817998958,
    0.2186474214707102,
    0.06774526461958885,
    0.22445255433293906,
    0.09103745173500932,
    0.1261917254222291,
    0.04489438055845147,
    0.12400842377577316,
    0.07094341168261092,
    0.05444756582146511,
    0.07147735243456231,
    0.20392646835673423,
    0.038633336715230886,
    0.04920129040661066,
    0.04893346118700245,
    0.0785713620159937,
    0.03294353786370029,
    0.09242979775223395,
    0.02052368584048489,
    0.20818721017111902,
    0.06367841682842244,
    0.12190590426325798,
    0.06545228717605704,
    0.060232069343328476,
    0.043700449634343386,
    0.13763165160229332,
    0.04707265867009049,
    0.03599616386927664,
    0.022637636370390006,
    0.002442929328775362,
    0.1036965492132463,
    0.07692814816761276,
    0.04749406157466381,
    0.037752126060102295,
    0.05789590298774697,
    0.06235788649191027,
    0.054440390318632126,
    0.046039441007782116,
    0.09847259586272032,
    0.0664608207065612,
    0.048080297227462994,
    0.05077852055673366,
    0.019839672339995475,
    0.10791767020102429,
    0.041780067769729576,
    0.14280240339311687,
    0.07480558032250922,
    0.06977360165151565
  ]
}