{
  "dataset": "cmp2",
  "variant": "SARC-raw-wear",
  "seed": 1024,
  "best_val_mae": 0.23585358033652887,
  "mae": 0.22820001019934139,
  "ce": 0.09393965601270547,
  "rmse": 0.3043500043790616,
  "per_sequence_mae": [
    0.10050097393104807,
    0.31340012109527987,
    0.41849435896923143,
    0.17005050803224245,
    0.13795031886547804,
    0.15229414302207853,
    0.3041217441981037,
    0.13386287464804592,
    0.08106265698924013,
    0.24535534298047423,
    0.5832368809108933,
    0.4120318687831362,
    0.18198507833049485,
    0.12633723098163804,
    0.2626333937210881,
    0.08270875248126686,
    0.1373057315746943,
    0.11072869234803048,
    0.31604180578142405,
    0.06126559213937625,
    0.13196121299794564,
    0.22464943455997854,
    0.44948238454273215,
    0.10963480178590702,
    0.16144557134248316,
    0.1260059291186432,
    0.4745567835246523,
    0.09604222374036908,
    0.22238294249805418,
    0.05604067606770474,
    0.11813308609028657,
    0.10406444990076125,
    0.15418685126739243,
    0.26758459582924843,
    0.2710862917339672,
    0.049015952638633876,
    0.20712969071852663,
    0.1586452793063862,
    0.3913004793734713,
    0.2474877198480747,
    0.2599819685953359,
    0.08517046725111348,
    0.7101979376748204,
    0.07805353927573092,
    0.30501998340090114,
    0.1598480537844201,
    0.5991596934924784,
    0.5348200849680738,
    0.1685140704397451,
    0.33699907487987174,
    0.20581407014591,
    0.20588732355584702,
    0.06334395358419936,
    0.12907326186541468,
    0.2989456313662231,
    0.10497997891313086,
    0.09190130833950308,
    0.0788456303998828,
    0.11495689706255992,
    0.22436203675655028,
    0.3821195608682253,
    0.14408172372107705,
    0.17522310970040658,
    0.2675742022693157,
    0.3859721450135112,
    0.6022306856010919,
    0.3191696365053455,
    0.13883216073736548,
    0.4382537032167117,
    0.28383759189058433,
    0.3874534782530232,
    0.3152641057563217,
    0.25826484684754786,
    0.13015069269264737,
    0.0881857807663354,
    0.06045421492308378,
    0.3152522704874476,
    0.10150842475039619,
    0.1095202595849211,
    0.11038667999673635,
    0.16573561308905482,
    0.3302220068871975,
    0.2854209060315043,
    0.12781927811548763,
    0.09140085149556398,
    0.44607701814292294,
    0.19986957606549063,
    0.1687482212754813,
    0.16782647356587022,
    0.19970408570952713,
    0.08082862826995552,
    0.3097941353917122,
    0.13549979071578253,
    0.4586991298322876,
    0.07517288438975811,
    0.1802723627537489,
    0.20749093553818324,
    0.21417965007055065,
    0.3687079434748739,
    0.2342329224232923,
    0.1588502999705573,
    0.11906307405265777,
    0.392935854382813,
    0.22735087285664948,
    0.14323462598511708,
    0.5429581384700926,
    0.2793695289486398,
    0.29961429975394693,
    0.06918623572901676,
    0.24389362648468127,
    0.2359659919798698,
    0.09061282388089846,
    0.22363617837739488,
    0.10105383101229866,
    0.09705435441962133,
    0.27162787279424566,
    0.06535383478815977,
    0.31004998305191594,
    0.3242950460407883,
    0.5394725928083062,
    0.1810578123355905,
    0.07110173077671789,
    0.3573868028311567,
    0.3693102376535535,
    0.3363342465494167,
    0.3496368355782969,
    0.07915101021838684,
    0.2425967575982213,
    0.22918299231678246,
    0.314525888611873,
    0.1544727104677198,
    0.37084586056880653,
    0.08337011414749379,
    0.0999199200887233,
    0.19575338587164878,
    0.5016820044054285,
    0.08073086858106156,
    0.28695578154708656,
    0.14681832717421153,
    0.33611003883803886,
    0.17307575832566488,
    0.35771147192766267,
    0.17046161919521788,
    0.12745986561007475,
    0.2267761950691541,
    0.11942597466986626
  ],
  "per_sequence_ce": [
    0.06331378116231898,
    0.06731658303178847,
    0.12891187786084154,
    0.06268609132941651,
    0.20509994927455077,
    0.04807704077525572,
    0.11892921412768571,
    0.03475781168090179,
    0.12513883733613926,
    0.08882132099698418,
    0.05818381253629923,
    0.07378684737436149,
    0.033361965583430395,
    0.15047915441834409,
    0.08078185900707137,
    0.264988406428269,
    0.05062382315973873,
    0.048602313246755374,
    0.22535520144130872,
    0.18654591996561398,
    0.032548417256254215,
    0.18988438517503117,
    0.042452012188732624,
    0.03865103942172771,
    0.06045088933213898,
    0.17613508568509764,
    0.104476408344572,
    0.10269292840815109,
    0.053797122091054916,
    0.1143179510466077,
    0.06922546648622854,
    0.16625842711199884,
    0.1841635043206422,
    0.02163165947675462,
    0.05338221333857456,
    0.20388845676048237,
    0.04075270670506617,
    0.25782702676951885,
    0.031644261026355834,
    0.1602364413085438,
    0.1588484139546104,
    0.24606535397469997,
    0.05388342014149479,
    0.184830482221312,
    0.055129436006688556,
    0.062459959101903696,
    0.03960612742230296,
    0.055312455099608214,
    0.19655907721746535,
    0.10430867047133771,
    0.15167269224058028,
    0.04377393424510956,
    0.018853412560102614,
    0.028988758243782366,
    0.11311999700315621,
    0.17286772450999074,
    0.20569922751747072,
    0.09828518627380783,
    0.17731424160301684,
    0.08201591332402566,
    0.09938389790200051,
    0.07171090092995892,
    0.029923651448410492,
    0.11138169208298558,
    0.15487920262274288,
    0.0549393569288606,
    0.0875954827212769,
    0.10833929867848106,
    0.057285110911597374,
    0.14857839464786507,
    0.05768379768622773,
    0.07195211633701216,
    0.053647686545129705,
    0.06745608588275702,
    0.10095039222921644,
    0.06769068539142609,
    0.17097370326519012,
    0.05471576936542988,
    0.039926285065872515,
    0.12204707251942676,
    0.09525996505323311,
    0.06061161447154439,
    0.09968292227257854,
    0.19773615117777477,
    0.07451073404239572,
    0.16880842903628945,
    0.04695700971490663,
    0.1820531508752278,
    0.05481738902421461,
    0.17976192243042446,
    0.16862167612366055,
    0.041984541098708694,
    0.11371104834093289,
    0.13659858699564054,
    0.062468424084640685,
    0.05067456141114235,
    0.029586281452793628,
    0.1416652358391068,
    0.08230368606746197,
    0.2801678723522595,
    0.04335126426556836,
    0.2202106580476869,
    0.06989367816435255,
    0.07526436381574188,
    0.034963814965025944,
    0.1045106053352356,
    0.07560076969473259,
    0.061473602708429095,
    0.047988006172494754,
    0.19212393835186958,
    0.0432322301203385,
    0.049551362819645714,
    0.051352036226054894,
    0.07392588533137155,
    0.049443137649770666,
    0.062485127709805965,
    0.03052309402467116,
    0.16945877679340218,
    0.039954012259840965,
    0.0753532941208074,
    0.06280556511457848,
    0.05168303960691328,
    0.0600389008410275,
    0.1312956927638305,
    0.053238273154766785,
    0.038843871117569505,
    0.014443952003088982,
    0.005386292896753944,
    0.16659117137130938,
    0.08654731406789759,
    0.05093298720843766,
    0.049882545297884426,
    0.06635995909926437,
    0.04768348177490027,
    0.09758491765119527,
    0.0576612019742077,
    0.10851921683744244,
    0.051713799592107534,
    0.04688849016700102,
    0.04559382367069307,
    0.026160995962775567,
    0.09728467780286851,
    0.053831415858281696,
    0.13892817675051364,
    0.08257456103582746,
    0.08121460036415121
  ]
}