{
  "dataset": "cmp1",
  "variant": "SARC-raw-wear",
  "seed": 2024,
  "best_val_mae": 0.46774392939422893,
  "mae": 0.49020392142399566,
  "ce": 0.16424134494746825,
  "rmse": 0.7839853873036857,
  "per_sequence_mae": [
    0.26741155982017517,
    0.1347617981955409,
    0.16237295977771282,
    0.15005192533135414,
    0.15183732472360134,
    0.06831139046698809,
    0.40696928567356533,
    0.3994003434975942,
    0.3522236446539561,
    0.17209328214327493,
    0.09776722018917401,
    0.09838953986763954,
    0.7250041365623474,
    0.6773422062397003,
    0.6832742691040039,
    0.23194359784776514,
    0.19016959179531445,
    0.15500436249104413,
    2.0516498684883118,
    2.052358865737915,
    2.0530314445495605,
    0.5101119399070739,
    0.43695250153541565,
    0.4330920696258545,
    0.06497869764765103,
    0.08532244215408961,
    0.10518397949635983,
    2.198801358540853,
    2.197849988937378,
    2.179236729939779,
    0.6652695417404175,
    0.6139709770679473,
    0.5651038229465485,
    0.20191262662410736,
    0.26252514620622,
    0.21186687548955283,
    0.4426807065804799,
    0.45323851704597473,
    0.43256614605585736,
    0.4789018273353577,
    0.37383819818496705,
    0.37830889225006104,
    0.250376433134079,
    0.11249816666046779,
    0.11282659735944536,
    2.1776208877563477,
    2.1636401414871216,
    2.1637821197509766,
    0.34704577922821045,
    0.33545535802841187,
    0.3322702844937642,
    2.294192632039388,
    2.3052594661712646,
    2.2909011046091714,
    1.9389480352401733,
    1.9293495416641235,
    1.9276515245437622,
    0.15362374484539032,
    0.08876224607229233,
    0.0894358716905117,
    2.079369862874349,
    2.1069050629933677,
    2.0848570664723716,
    0.38272809982299805,
    0.3603362739086151,
    0.345031276345253,
    0.15635180473327637,
    0.09597406536340714,
    0.09372897818684578,
    0.024765347130596638,
    0.01803953293710947,
    0.04185916297137737,
    1.9014345407485962,
    1.8972232341766357,
    1.8975965181986492,
    0.0048961034044623375,
    0.015284690074622631,
    0.02582296309992671,
    0.14701042510569096,
    0.16286269016563892,
    0.11252403166145086,
    0.46281798183918,
    0.4457769989967346,
    0.4278174936771393,
    0.03929668478667736,
    0.007281722035259008,
    0.007934336084872484,
    0.5513496160507202,
    0.45273953676223755,
    0.4436582148075104,
    0.4089961051940918,
    0.37562406063079834,
    0.32032565772533417,
    0.0824693813920021,
    0.01772283110767603,
    0.04749282356351614,
    0.4282180517911911,
    0.354872390627861,
    0.35396943986415863,
    0.0641800370067358,
    0.04139466769993305,
    0.020620365627110004,
    0.38825318217277527,
    0.34035035967826843,
    0.3338126242160797,
    0.2771010249853134,
    0.15648031358917555,
    0.12749565144379935,
    0.3285675197839737,
    0.34579408913850784,
    0.312957264482975,
    0.5364969798496791,
    0.5210022287709373,
    0.47357491510254995,
    0.19797179698944092,
    0.2770050525665283,
    0.2894658863544464,
    0.25121257950862247,
    0.2724152281880379,
    0.31222325563430786,
    0.057903076056391,
    0.037649944075383246,
    0.09778917580842972,
    0.4769804875055949,
    0.4457081158955892,
    0.432388111948967,
    0.5626304447650909,
    0.5493025779724121,
    0.5295299664139748
  ],
  "per_sequence_ce": [
    0.07126883204494204,
    0.14453536112393653,
    0.2632026842662266,
    0.055165655290087066,
    0.15609047810236612,
    0.09094242503245671,
    0.0703917199280113,
    0.17743956856429577,
    0.2815511994995177,
    0.05066733828491785,
    0.053290093910287724,
    0.11570351977239955,
    0.224119171500206,
    0.20299886167049408,
    0.8172073364257812,
    0.197644108440727,
    0.14202451799064875,
    0.2984542053192854,
    0.22161869537861398,
    0.05716446042060852,
    0.0947337084216997,
    0.06075986288487911,
    0.13956642895936966,
    0.3366224244236946,
    0.600283544510603,
    0.6019979156553745,
    0.5411845693985621,
    0.6307708759792149,
    0.008249421685468406,
    0.05193391640787013,
    0.07813671934935781,
    0.22769579084383118,
    0.3535716384649277,
    0.15922889113426208,
    0.2995269298553467,
    0.366695299744606,
    0.04704267345368862,
    0.06018874887377024,
    0.12607122026383877,
    0.1525193750858307,
    0.050447751535102725,
    0.12161126732826233,
    0.06620267708785832,
    0.20420614909380674,
    0.24472054792568088,
    0.5761606097221375,
    0.00045381984091363847,
    0.0004960497026331723,
    0.039068698262174927,
    0.04005003906786442,
    0.05910435877740383,
    0.8732778131961823,
    0.1668331827968359,
    0.8370936613064259,
    0.16013388335704803,
    0.09634729474782944,
    0.05068741366267204,
    0.3238408863544464,
    0.20471937954425812,
    1.0300508737564087,
    0.07336371147539467,
    0.20345721393823624,
    0.27935145795345306,
    0.2963670492172241,
    0.12090671062469482,
    0.34808769822120667,
    0.09406506270170212,
    0.012799392454326153,
    0.048371315002441406,
    0.0534384548664093,
    0.04719853401184082,
    0.26094868779182434,
    0.12711524590849876,
    0.030087719671428204,
    0.03008036408573389,
    0.05709302797913551,
    0.31663134694099426,
    0.23767535388469696,
    0.04253015986510685,
    0.03473753548626389,
    0.08175261850867953,
    0.16142618656158447,
    0.2052827626466751,
    0.5244264006614685,
    0.0785854235291481,
    0.5893539190292358,
    0.8317616581916809,
    0.059279216919094324,
    0.08146861707791686,
    0.09806848573498428,
    0.15530435740947723,
    0.2225276678800583,
    0.07386845350265503,
    0.0475965216755867,
    0.2317823146780332,
    0.36163273081183434,
    0.3318336308002472,
    0.02994094230234623,
    0.156361922621727,
    0.16936642428239188,
    0.44055235882600147,
    0.5275012105703354,
    0.14791016280651093,
    0.06053096055984497,
    0.10342342406511307,
    0.07680176347494125,
    0.060490865632891654,
    0.10340687911957502,
    0.09100485717256863,
    0.1527794450521469,
    0.31107628842194873,
    0.10951225195700924,
    0.09906132131194074,
    0.15542552170033255,
    0.09128548763692379,
    0.055096077267080545,
    0.11112553346902132,
    0.06761364825069904,
    0.21007953733205795,
    0.375497043132782,
    0.05203115288168192,
    0.0542608095066888,
    0.13454858692628996,
    0.013148214481770993,
    0.033813830092549325,
    0.11520198509097099,
    0.0620750884215037,
    0.04660780355334282,
    0.10279166325926781
  ]
}