{
  "dataset": "cmp2",
  "variant": "SARC-raw-wear",
  "seed": 123,
  "best_val_mae": 0.23807965746983867,
  "mae": 0.2330119424981358,
  "ce": 0.09678474129681998,
  "rmse": 0.3099636586025933,
  "per_sequence_mae": [
    0.09983241294200222,
    0.3355591227522209,
    0.40933217263470095,
    0.19609237679590782,
    0.1193075901221322,
    0.11003736961309028,
    0.28082866811503965,
    0.16204182852414392,
    0.07888415694722663,
    0.29452197641755146,
    0.607717325600485,
    0.4373063851768772,
    0.1768701206402559,
    0.0989240084697182,
    0.2673038558062652,
    0.11584702007133853,
    0.13876151444856077,
    0.11501416225324977,
    0.35910840705037117,
    0.047017744155195745,
    0.1324781619478017,
    0.25089869361060363,
    0.47402059833478666,
    0.12258070427924395,
    0.12796804821118712,
    0.06440814892024112,
    0.5066845004136363,
    0.08429674821672961,
    0.2190540002496994,
    0.05207688628655413,
    0.10644652624614537,
    0.1792891853644202,
    0.11828554138386001,
    0.266728138551116,
    0.25882805685472227,
    0.11550794691657243,
    0.21370999367597202,
    0.16481258015015296,
    0.41342290448532865,
    0.26770626313307067,
    0.2383529907092452,
    0.12617836249548764,
    0.7083366733665267,
    0.08235354648020707,
    0.2887745723128319,
    0.15553725052935383,
    0.5843728179308144,
    0.5369302898814733,
    0.1317316314036196,
    0.35484480789012235,
    0.16166230392021438,
    0.2519194604828954,
    0.07104927487671375,
    0.14133166777901351,
    0.3277020297634105,
    0.10408093485360344,
    0.09399775632967551,
    0.083198055503485,
    0.10975435291904778,
    0.20730116226089498,
    0.3816985556517135,
    0.1413012893560032,
    0.14161935813414553,
    0.2765094405040145,
    0.4330479699948972,
    0.5954247642227489,
    0.2992130384470026,
    0.1932943065961202,
    0.45535730322202045,
    0.22039460187608545,
    0.37934823850677774,
    0.3594448553074313,
    0.26579999915945035,
    0.1668721177460005,
    0.10355136869475245,
    0.07568838975081842,
    0.30179684702306986,
    0.09932655772371661,
    0.10012733796611428,
    0.12366477070221056,
    0.13059826334938407,
    0.39355706547697383,
    0.2703406463066737,
    0.15398061360515977,
    0.08208676846697927,
    0.4693004641387808,
    0.20565299751857916,
    0.24056741425936873,
    0.1636133694433068,
    0.1852351386015388,
    0.1004355331727614,
    0.3193650186682741,
    0.13169358796237604,
    0.4716709522375216,
    0.07836691447829996,
    0.22893082853406668,
    0.16995005194536028,
    0.28814250664056645,
    0.32851228591365117,
    0.27367164355448703,
    0.15308007737621665,
    0.09033742457952189,
    0.3742550037180384,
    0.25353055294941773,
    0.13245888147503138,
    0.5556133201993678,
    0.2555341145489365,
    0.2984546764886805,
    0.07076329870247527,
    0.3106948201629249,
    0.23613460303243736,
    0.08982754560808341,
    0.2183118750496457,
    0.08698389392035703,
    0.09662246886485566,
    0.24201908606725434,
    0.06715708117311199,
    0.30018529885758954,
    0.31678950996138155,
    0.5424644300714135,
    0.17868246355404457,
    0.07357535235739003,
    0.371952475217933,
    0.4315692694857717,
    0.33200579246675427,
    0.3603522123414136,
    0.07806495095913608,
    0.24170671372363964,
    0.2000586736947298,
    0.2882611646006505,
    0.13960008299909532,
    0.33071325602941215,
    0.08312461787665432,
    0.10979921782078843,
    0.20272693801671265,
    0.5001411783387479,
    0.1436814636302491,
    0.31894898419046686,
    0.14325889580262205,
    0.3278102392020325,
    0.18963189285410487,
    0.4096975925688942,
    0.1664397685478131,
    0.14293667398717091,
    0.2677910088871916,
    0.12039567530155182
  ],
  "per_sequence_ce": [
    0.06363444479749254,
    0.04545174646191299,
    0.15035645185929278,
    0.047151914595261864,
    0.24648303978822447,
    0.046019601466303524,
    0.09932000165724236,
    0.02971013302449137,
    0.074551176618446,
    0.0844694869187863,
    0.07340227205144323,
    0.0779247209024818,
    0.06237658987649613,
    0.15956565964481104,
    0.07866805520924655,
    0.2449220915635427,
    0.056694967813951815,
    0.07198334148242361,
    0.13458061202064805,
    0.2705818187784065,
    0.05250211299963943,
    0.15170117953549261,
    0.020920574326406826,
    0.06797455619512634,
    0.052462646211295025,
    0.2391478954611913,
    0.08238907506608445,
    0.10984846900986589,
    0.07541571138426661,
    0.08069365077906034,
    0.0850719190000192,
    0.16035733582532924,
    0.2027091988078926,
    0.03301096484874901,
    0.0458730845394629,
    0.17419935729015956,
    0.03290677352039063,
    0.24168795421719552,
    0.028064992134681062,
    0.1479110914681639,
    0.18761895102975162,
    0.14290936775505542,
    0.05678083565410064,
    0.15638587065041065,
    0.05060039375625227,
    0.03862719964640944,
    0.05547108374432557,
    0.02765537572226354,
    0.25545737750473474,
    0.1000895058228211,
    0.11555016802056976,
    0.10501345174144143,
    0.02304537990130484,
    0.04380558773308345,
    0.13691383956567102,
    0.19214562796380208,
    0.179778887424618,
    0.09233732843263583,
    0.15120138525962828,
    0.07657567255765847,
    0.06621593458666689,
    0.09827303910708945,
    0.026990853077934487,
    0.13699007216517045,
    0.12406008318066597,
    0.04895410754463889,
    0.0648290474453698,
    0.12381516810020675,
    0.03557660774854214,
    0.13261583017274028,
    0.06063048421804394,
    0.0818741727959026,
    0.06715502124279737,
    0.08074439130723476,
    0.11081229487345332,
    0.11115415766835213,
    0.11654136037187916,
    0.07174708722159266,
    0.042125671474344054,
    0.1221321762903877,
    0.07951850768016733,
    0.05964379737396603,
    0.09973919812751852,
    0.1836818102747202,
    0.09193981301201426,
    0.1994477386275927,
    0.0399513631735159,
    0.15060345651138396,
    0.07865466487904389,
    0.2303134696114631,
    0.15800299025748088,
    0.07579145167508851,
    0.1304795660755851,
    0.12939136742573717,
    0.094727037918,
    0.11334132824681308,
    0.04454568261280656,
    0.11177806251428345,
    0.11080800292446562,
    0.19060352870396205,
    0.05788750067839156,
    0.223656186749312,
    0.10348653793334961,
    0.11202255467928592,
    0.0508837521457198,
    0.08646352682262659,
    0.06437683972003667,
    0.05895321692805737,
    0.07521434500813484,
    0.17886862726438613,
    0.04521946162408726,
    0.09151784974433806,
    0.06739424436312655,
    0.06515915222142053,
    0.05110274482032527,
    0.08107596328077109,
    0.04997911502647659,
    0.21962788555285204,
    0.0571682995752148,
    0.12255483071662877,
    0.059266367805716785,
    0.0567561110643589,
    0.04695540238171816,
    0.19164342354787023,
    0.0414538121383105,
    0.035141492681577804,
    0.022484453901162615,
    0.005583345872925266,
    0.15145814203118024,
    0.07972982890256074,
    0.05125385202953349,
    0.0399762898400102,
    0.07487874801847197,
    0.06767295373846656,
    0.09129834939774714,
    0.06591462453996594,
    0.107534260691508,
    0.08061448382213712,
    0.05587887144445077,
    0.05885093169205863,
    0.013448993220332672,
    0.12635469388054765,
    0.042680707031294056,
    0.1489724541421641,
    0.08339079210291737,
    0.0768681982451159
  ]
}