{
  "dataset": "sim_mild",
  "variant": "SARC-raw-wear",
  "seed": 1024,
  "best_val_mae": 0.2575737546304017,
  "mae": 0.26068891925303767,
  "ce": 0.3462073797894711,
  "per_sequence_mae": [
    0.23784170856522416,
    0.17938310553840509,
    0.2751632212606847,
    0.23279163621025653,
    0.32103820154344637,
    0.3159540242702676,
    0.24880453668196054,
    0.23631535872278653,
    0.2494868534254361,
    0.2881244233739949,
    0.2036650421795343,
    0.36615685087988104,
    0.1436769588180587,
    0.21157419200326769,
    0.46913270391510453,
    0.25858518463064256,
    0.335721951190952,
    0.18800531553230607,
    0.21165197049449053,
    0.2449073763173861,
    0.2659687798810857,
    0.21172548789491555,
    0.3187832637714519,
    0.30571510931359175,
    0.37162459078866644,
    0.24607146183513362,
    0.34457024262393854,
    0.2218725766329817,
    0.28629106132909965,
    0.3018511317472214,
    0.1988231487536711,
    0.3041664004457913,
    0.22385726371363118,
    0.22098621907006682,
    0.21740655449592183,
    0.21776994399220206,
    0.2669068745439305,
    0.19087525124420332,
    0.24265283657264397,
    0.19767925789021495,
    0.216794880351741,
    0.29236726611103725,
    0.24833551827887182,
    0.23954071833266796,
    0.2589585417081575,
    0.28208817030063055,
    0.29905688821299264,
    0.18645773644080016,
    0.2556555060804902,
    0.286090667132457,
    0.2579275774914067,
    0.3109749888075262,
    0.1823314087853448,
    0.21911600517756025,
    0.20564757972934367,
    0.3646087024317483,
    0.360361687685642,
    0.23850373724648483,
    0.2525018213396975,
    0.3104376814432119
  ],
  "per_sequence_ce": [
    0.39773280380500686,
    0.20476911082449886,
    0.28664158657193184,
    0.23212880537741715,
    0.3817863166332245,
    0.38143426635199124,
    0.288313595785035,
    0.4198852831290828,
    0.320517946448591,
    0.32583589634547633,
    0.2061840184032917,
    0.532588909069697,
    0.17936382059835726,
    0.23217809655600125,
    0.6161799513631396,
    0.41890573253234226,
    0.472506370395422,
    0.28526172952519524,
    0.3103860699468189,
    0.3731470513674948,
    0.3411280744605594,
    0.2976199533376429,
    0.301134056929085,
    0.4762047462993198,
    0.6273266151547432,
    0.21725523989233705,
    0.46034791610307163,
    0.294471837580204,
    0.385991716136535,
    0.4775695875287056,
    0.2584678832855489,
    0.43700456743439037,
    0.34889859581987065,
    0.26757292946179706,
    0.3369317123045524,
    0.20535912137064669,
    0.297092283765475,
    0.2383892782446411,
    0.3013326409790251,
    0.303953239073356,
    0.23412267956882715,
    0.47500791607631576,
    0.3542986276249091,
    0.3749817514585124,
    0.3210673615750339,
    0.39211384020745754,
    0.42400216559569043,
    0.1913726069033146,
    0.3271683380007744,
    0.288311319011781,
    0.3593223455051581,
    0.4802450119621224,
    0.20073045800543493,
    0.23068517674174574,
    0.17904382136960825,
    0.38366341922018266,
    0.5426388151115842,
    0.37513085040781236,
    0.44436871632933617,
    0.454368210501141
  ]
}