{
  "dataset": "cmp1",
  "variant": "SARC-raw-wear",
  "seed": 1024,
  "best_val_mae": 0.4672020437369651,
  "mae": 0.49016098092619526,
  "ce": 0.18615653286128533,
  "rmse": 0.784274581807611,
  "per_sequence_mae": [
    0.2648790739476681,
    0.1352494191378355,
    0.1669807368889451,
    0.14712032303214073,
    0.15045872703194618,
    0.06870544608682394,
    0.40596096714337665,
    0.3987218737602234,
    0.35813062720828587,
    0.16633979479471842,
    0.09843286126852036,
    0.102272292599082,
    0.7251723110675812,
    0.6846991777420044,
    0.669592946767807,
    0.22645663673227484,
    0.19112096320499072,
    0.16319551183418793,
    2.0513768792152405,
    2.0520308017730713,
    2.0530540347099304,
    0.5101585984230042,
    0.44151160717010496,
    0.44143924713134763,
    0.0681424414118131,
    0.0859985922773679,
    0.10616693459451199,
    2.209305683771769,
    2.1980309089024863,
    2.1815221707026162,
    0.6650021851062775,
    0.6212332487106323,
    0.5569121450185776,
    0.20515863597393036,
    0.2609126816193263,
    0.21079246203104654,
    0.441567321618398,
    0.4530583620071411,
    0.43382567167282104,
    0.47690229415893554,
    0.37413854598999025,
    0.37595721483230593,
    0.24866082436508602,
    0.11531766669617759,
    0.08976340211100048,
    2.1795533895492554,
    2.1636385917663574,
    2.1637803316116333,
    0.34509195387363434,
    0.3354240258534749,
    0.3313201367855072,
    2.295992453893026,
    2.302338441212972,
    2.291099945704142,
    1.9390109777450562,
    1.9292600750923157,
    1.9278217554092407,
    0.1532752811908722,
    0.0916500836610794,
    0.08389879390597343,
    2.0805307229359946,
    2.1078926722208657,
    2.0823667844136557,
    0.38199105858802795,
    0.3600511997938156,
    0.34470799565315247,
    0.15439538657665253,
    0.09588790684938431,
    0.09290392696857452,
    0.02635321393609047,
    0.018266136292368174,
    0.03899063915014267,
    1.902246316274007,
    1.8975062767664592,
    1.8978341420491536,
    0.004316492937505245,
    0.016006093472242355,
    0.027211508248001337,
    0.14199293963611126,
    0.16229244321584702,
    0.11154267657548189,
    0.4622322916984558,
    0.44644971191883087,
    0.4273393750190735,
    0.038277968764305115,
    0.007755685597658157,
    0.009026051964610815,
    0.5497743368148804,
    0.4532222330570221,
    0.44127594828605654,
    0.40878623723983765,
    0.37412330508232117,
    0.319488063454628,
    0.08081522956490517,
    0.017667278414592147,
    0.04707272071391344,
    0.4277442395687103,
    0.3549514412879944,
    0.35331183671951294,
    0.06257971562445164,
    0.041272612288594246,
    0.020212634233757854,
    0.38738539814949036,
    0.340230330824852,
    0.3325253874063492,
    0.275849848985672,
    0.15552810952067375,
    0.12484416365623474,
    0.3276948928833008,
    0.3446049392223358,
    0.31276247650384903,
    0.5354408962385995,
    0.521091605935778,
    0.4723518363067082,
    0.20343204140663146,
    0.278321373462677,
    0.29216068983078003,
    0.25477563838164013,
    0.2727988411982854,
    0.3130332827568054,
    0.06374842813238502,
    0.03901573538314551,
    0.10255975276231766,
    0.4739780177672704,
    0.44500789046287537,
    0.4365680565436681,
    0.560229167342186,
    0.5482267886400223,
    0.5300035029649734
  ],
  "per_sequence_ce": [
    0.09043229584183012,
    0.12986601027660072,
    0.31049042301518576,
    0.10804350984593232,
    0.12597751493255296,
    0.10479211962471406,
    0.04770139395259321,
    0.14208974037319422,
    0.4870849698781967,
    0.06870119248262861,
    0.07213892275467515,
    0.1217223719524389,
    0.1006712093949318,
    0.46960878372192383,
    0.4288928806781769,
    0.06064326781779528,
    0.1990480043925345,
    0.315459668636322,
    0.27173166143863153,
    0.1681870023603551,
    0.10699390041797112,
    0.09174423315562308,
    0.21252034977078438,
    0.5854316875338554,
    0.296332910656929,
    0.6047563701868057,
    0.4402285913626353,
    0.3816138406575192,
    0.017598871880909427,
    0.20096207086462528,
    0.059256394704182945,
    0.31707171930207145,
    0.3856062326166365,
    0.10054700076580048,
    0.3378276377916336,
    0.39678699523210526,
    0.03702717553824186,
    0.10369452368468046,
    0.16528539918363094,
    0.045513199642300606,
    0.09330427926033735,
    0.17709152400493622,
    0.05717720335815102,
    0.14742441033013165,
    0.2007629768922925,
    0.3396511971950531,
    0.0005271037225611508,
    0.0008012652397155762,
    0.019300280138850212,
    0.0780005194246769,
    0.17653649300336838,
    0.8290633261203766,
    0.4235023781657219,
    0.8369805117545184,
    0.20580749213695526,
    0.02180064655840397,
    0.00863670278340578,
    0.3345997631549835,
    0.5862734317779541,
    0.7821525931358337,
    0.024283404694870114,
    0.4425426311790943,
    0.679133951663971,
    0.16255486011505127,
    0.30160441994667053,
    0.07531467825174332,
    0.0876588448882103,
    0.029185503721237183,
    0.10585451126098633,
    0.06751423329114914,
    0.04455624893307686,
    0.11442138999700546,
    0.2525220140814781,
    0.05914689972996712,
    0.05177692696452141,
    0.10248353332281113,
    0.10255696624517441,
    0.17094175517559052,
    0.035927474099610536,
    0.07659912827823843,
    0.20882328440036094,
    0.04337074235081673,
    0.1369752734899521,
    0.3582388162612915,
    0.19689641892910004,
    0.4503002166748047,
    0.6380698680877686,
    0.03702793573029339,
    0.17317395098507404,
    0.2800924498587847,
    0.1351711004972458,
    0.2007296085357666,
    0.14536364376544952,
    0.07691408321261406,
    0.22837360699971518,
    0.28714913378159207,
    0.09129311889410019,
    0.060467679053545,
    0.4698047637939453,
    0.1276598423719406,
    0.47517625987529755,
    0.6226541052261988,
    0.02149786613881588,
    0.13510005176067352,
    0.3699973523616791,
    0.0967702753841877,
    0.10571799986064434,
    0.1671963095664978,
    0.1005036508043607,
    0.12821653857827187,
    0.315740446249644,
    0.07929864122221868,
    0.1346451318822801,
    0.19844288720438877,
    0.2797099892050028,
    0.09950113296508789,
    0.3322824761271477,
    0.09437244161963462,
    0.18439459130167962,
    0.3044439509510994,
    0.09494491400463241,
    0.08197479455598763,
    0.1804675811103412,
    0.04071478843688965,
    0.07336563039571047,
    0.17826369274407625,
    0.10664659117658933,
    0.21398954838514328,
    0.1500925049185753
  ]
}