{
  "dataset": "cmp1",
  "variant": "SARC-raw-wear",
  "seed": 789,
  "best_val_mae": 0.4685929177196891,
  "mae": 0.4904929369595373,
  "ce": 0.12526131342866423,
  "rmse": 0.7842755147873643,
  "per_sequence_mae": [
    0.27180880680680275,
    0.13448677211999893,
    0.16771620512008667,
    0.15195978060364723,
    0.15220904350280762,
    0.0689615374431014,
    0.4106968707508511,
    0.3997596204280853,
    0.35730646053949994,
    0.1743472727636496,
    0.09809510223567486,
    0.10492880828678608,
    0.7256937325000763,
    0.6744089126586914,
    0.6670346260070801,
    0.23619142445650967,
    0.19015023789622568,
    0.16082687743685462,
    2.051835000514984,
    2.0519773364067078,
    2.052592933177948,
    0.5123366475105285,
    0.4371882379055023,
    0.42762565016746523,
    0.06509631127119064,
    0.08544611434141795,
    0.10592609830200672,
    2.202123761177063,
    2.1976460218429565,
    2.178683320681254,
    0.6663919270038605,
    0.6096625208854676,
    0.5486473888158798,
    0.20249578853448233,
    0.2617616802453995,
    0.20945092042287192,
    0.44407008091608685,
    0.4537382920583089,
    0.4352146287759145,
    0.4802618086338043,
    0.37407997250556946,
    0.37659517526626585,
    0.2524430768357383,
    0.11445839620298809,
    0.0930310007598665,
    2.1797481775283813,
    2.1636438369750977,
    2.163784980773926,
    0.3480937108397484,
    0.33585848410924274,
    0.33197789390881854,
    2.300621589024862,
    2.304811477661133,
    2.2996575832366943,
    1.937479317188263,
    1.9289888739585876,
    1.927743911743164,
    0.15424270927906036,
    0.0892772525548935,
    0.08504169061779976,
    2.0806585947672525,
    2.1100169022878013,
    2.0868478616078696,
    0.38339562714099884,
    0.3606094717979431,
    0.3462689220905304,
    0.15623600780963898,
    0.09600357338786125,
    0.09373073652386665,
    0.023829691112041473,
    0.01736553478986025,
    0.04094477370381355,
    1.9016011555989583,
    1.8972047964731853,
    1.8975998957951863,
    0.004901454783976078,
    0.015159258618950844,
    0.025628572329878807,
    0.14712220802903175,
    0.16298157162964344,
    0.1112394267693162,
    0.4633283019065857,
    0.44593364000320435,
    0.42899034917354584,
    0.039722055196762085,
    0.007546074688434601,
    0.006513444008305669,
    0.5518848419189453,
    0.45315598845481875,
    0.4422474801540375,
    0.4095679074525833,
    0.3740590214729309,
    0.32008782029151917,
    0.08297596126794815,
    0.018231098540127277,
    0.049000770784914494,
    0.42903657257556915,
    0.3548981100320816,
    0.35457782447338104,
    0.06550033576786518,
    0.042171808890998363,
    0.02152551617473364,
    0.38858313858509064,
    0.340405598282814,
    0.3331677317619324,
    0.27569590508937836,
    0.15685100853443146,
    0.1283243509630362,
    0.33019040524959564,
    0.34592577815055847,
    0.31497596204280853,
    0.5376138687133789,
    0.5210829675197601,
    0.47459120409829275,
    0.20085571706295013,
    0.2776793658733368,
    0.28780423402786254,
    0.2521045083800952,
    0.2715374082326889,
    0.3116058061520259,
    0.05908045219257474,
    0.037681749323382974,
    0.09999182261526585,
    0.47774360577265423,
    0.445502445101738,
    0.434769610563914,
    0.5623800605535507,
    0.5485089123249054,
    0.5293547362089157
  ],
  "per_sequence_ce": [
    0.04510539610471044,
    0.07968522044497409,
    0.10165586721684251,
    0.04940596967935562,
    0.06978561294575532,
    0.08400998924237986,
    0.033143813256174326,
    0.09452943690121174,
    0.14215282164514065,
    0.025994245597923345,
    0.07075986249203031,
    0.12981778717684475,
    0.05998995900154114,
    0.15141309797763824,
    0.35368263721466064,
    0.08289164490997791,
    0.10451986715197563,
    0.1511511266231537,
    0.21801712115605673,
    0.18602070212364197,
    0.1711237463944902,
    0.038951064459979534,
    0.13388207647949457,
    0.19019485265016556,
    0.18369422852993011,
    0.21164216846227646,
    0.23248920838038126,
    0.5873255491256714,
    0.012567162758205085,
    0.07949539123801515,
    0.05369850734455718,
    0.15153432596060964,
    0.19288698418272865,
    0.06260576657950878,
    0.1804780513048172,
    0.21245577931404114,
    0.059114585630595684,
    0.04305659793317318,
    0.13772205263376236,
    0.04515898157842457,
    0.08671331033110619,
    0.20888901222497225,
    0.035009392886422575,
    0.13544562878087163,
    0.1504178079776466,
    0.3967339098453522,
    0.0006856222753413022,
    0.0003912846150342375,
    0.024567971316476662,
    0.07137318514287472,
    0.08730189688503742,
    0.7419508993625641,
    0.23165631666779518,
    0.4755460669985041,
    0.0064352951012551785,
    0.0033955175895243883,
    0.0013931492576375604,
    0.33823585510253906,
    0.09311053901910782,
    0.5334773659706116,
    0.002219910442363471,
    0.09269251674413681,
    0.11763238662388176,
    0.09281302243471146,
    0.2094547301530838,
    0.21441252529621124,
    0.05986948311328888,
    0.015325099229812622,
    0.061001311987638474,
    0.10248876363039017,
    0.14972186088562012,
    0.09070561081171036,
    0.2789220064878464,
    0.035718321800231934,
    0.027733415365219116,
    0.10021043568849564,
    0.10944216698408127,
    0.14661653339862823,
    0.01617336126842669,
    0.03384567118648972,
    0.08406546964709248,
    0.02710728906095028,
    0.26538336277008057,
    0.3016180992126465,
    0.14324292540550232,
    0.24721042811870575,
    0.579024612903595,
    0.02509549690876156,
    0.14540599146857858,
    0.31898442655801773,
    0.08443953841924667,
    0.10208285599946976,
    0.05089893937110901,
    0.054344924787680306,
    0.15044489332164326,
    0.3524754469593366,
    0.0532866008579731,
    0.01100805401802063,
    0.07403586059808731,
    0.13859332849582037,
    0.2402955243984858,
    0.41063323120276135,
    0.038926463574171066,
    0.19010674953460693,
    0.41895368695259094,
    0.09157963804900646,
    0.06577267721295357,
    0.11199421249330044,
    0.05880104502042135,
    0.042996956035494804,
    0.17097702622413635,
    0.05327920646717151,
    0.0862837260744224,
    0.14997688898195824,
    0.22957210708409548,
    0.19258922524750233,
    0.5946744903922081,
    0.11262922063469887,
    0.10215116813778877,
    0.28553107380867004,
    0.05276820928390537,
    0.0472850360508476,
    0.14447158628276416,
    0.011798920389264823,
    0.028979489766061305,
    0.11250550728291273,
    0.05701428900162379,
    0.09116299698750178,
    0.10503175978859265
  ]
}