{
  "dataset": "sim_mild",
  "variant": "SARC-raw-wear",
  "seed": 789,
  "best_val_mae": 0.26149357114819183,
  "mae": 0.2632893614390355,
  "ce": 0.31225822707810613,
  "per_sequence_mae": [
    0.2619928373801255,
    0.1923937972509112,
    0.3126273633333488,
    0.22807848920001123,
    0.28394255093742005,
    0.307635579764086,
    0.24894789147683236,
    0.24381480730756797,
    0.2905102834403611,
    0.22209784715299188,
    0.27051714282723943,
    0.4243404247978874,
    0.1624750463119668,
    0.25017683217150666,
    0.48215956768129975,
    0.22112242339062005,
    0.33729379525956055,
    0.19419474384422267,
    0.25740594763161784,
    0.2646926074758698,
    0.2708687266762896,
    0.22466673376300828,
    0.3325304003868309,
    0.25608075204843184,
    0.36480391416709673,
    0.2246608148094528,
    0.34723750925631786,
    0.2144437726729465,
    0.305605414618668,
    0.27577034481889773,
    0.22964280591109892,
    0.3202812729724663,
    0.21734619256349375,
    0.2102169051151908,
    0.20617328495203968,
    0.17567298561878175,
    0.32710860784219065,
    0.22120622848046467,
    0.2606191083892438,
    0.30020633478969555,
    0.2502962584687221,
    0.24110778342220485,
    0.20859227833095959,
    0.2304005702295075,
    0.2500430991374567,
    0.2679102168818788,
    0.30791336450738427,
    0.1861942627902491,
    0.24176467630233728,
    0.24739231606927875,
    0.2312609509648544,
    0.34398061950755965,
    0.20729412391182733,
    0.23422812779249236,
    0.1299325053446589,
    0.3564666167453314,
    0.35076811590962054,
    0.2966686481292476,
    0.20679953813992125,
    0.26678552526858157
  ],
  "per_sequence_ce": [
    0.390163393277261,
    0.1855458537530568,
    0.26627234783437514,
    0.1785714833272828,
    0.3277032116634978,
    0.3290781591915422,
    0.2563393233964841,
    0.37662872423728305,
    0.2699602695388926,
    0.26373861895667183,
    0.1896099860055579,
    0.6423593337337176,
    0.17070903106489116,
    0.23191673018866116,
    0.656109556555748,
    0.28901074536972576,
    0.40660833939909935,
    0.27632690293507445,
    0.2887643807464176,
    0.3787075790266196,
    0.32823485963874394,
    0.26868156488570905,
    0.27535010563830536,
    0.42083753024538356,
    0.5546525857514806,
    0.1701548910803265,
    0.4497489883667893,
    0.23146456987079647,
    0.34348689143856365,
    0.39111607273419696,
    0.22987875880466568,
    0.45148734127481777,
    0.3177933349377579,
    0.22513010373546016,
    0.30708699321581256,
    0.18059373212357363,
    0.31552550776137245,
    0.1637926830185784,
    0.20386621024873522,
    0.4639975180228551,
    0.24844480802615485,
    0.4302866630670097,
    0.23887616934047806,
    0.314818369017707,
    0.2411076705902815,
    0.3523365959732069,
    0.4631321860684289,
    0.1510468940767977,
    0.27513670093483394,
    0.20586887772919404,
    0.28499719003836316,
    0.4983394746151235,
    0.13011448613057533,
    0.22525316735522616,
    0.14015004297511446,
    0.4014507027135955,
    0.4918165527698066,
    0.3326446080787314,
    0.34101129074891406,
    0.30165696144104004
  ]
}