{
  "dataset": "sim_medium",
  "variant": "SARC-raw-wear",
  "seed": 2024,
  "best_val_mae": 0.29882259074883716,
  "mae": 0.29570516245931666,
  "ce": 0.3062219586585545,
  "per_sequence_mae": [
    0.25917312018086597,
    0.2699364325181213,
    0.3184012376394281,
    0.3538970413497055,
    0.3237463747575811,
    0.3511255120355676,
    0.33033424532309147,
    0.25979428994141185,
    0.3213400104189449,
    0.2566212615693903,
    0.2794868404021667,
    0.4031458338210786,
    0.15349481256019487,
    0.2907644616270227,
    0.32521017830360366,
    0.2919211849328266,
    0.4218890486935251,
    0.24955104730917296,
    0.30470653987591234,
    0.2510507587479036,
    0.2573499987672678,
    0.2726504186435474,
    0.3629775279802196,
    0.2811218548159833,
    0.4009092653312905,
    0.31890100748011213,
    0.3276790330761496,
    0.2986140259113573,
    0.36335784259656906,
    0.3583219419734243,
    0.24015515055879383,
    0.3334137138328593,
    0.2391964558320681,
    0.2853320615664423,
    0.2109239392907921,
    0.2630079689168672,
    0.33847642722984833,
    0.23841339078269633,
    0.25398005880499214,
    0.22244961518975573,
    0.2595395460282195,
    0.2503741134457574,
    0.2039423310946367,
    0.26357944053283777,
    0.30286165597753617,
    0.3063339743526779,
    0.25385913108198216,
    0.30414401719544665,
    0.29059195674965566,
    0.3769319790170533,
    0.3438601264062595,
    0.36529152931725895,
    0.3071254237661003,
    0.29234551456158514,
    0.22395929334013398,
    0.34922966203303557,
    0.31713809730076237,
    0.32093601309500225,
    0.23635174458042463,
    0.2910922670940853
  ],
  "per_sequence_ce": [
    0.3750879392027855,
    0.17635517401827705,
    0.20451290222505727,
    0.27105657673544353,
    0.3640775672263569,
    0.36370135678185356,
    0.2852396501435174,
    0.3919575276474158,
    0.3334161817199654,
    0.294532453123894,
    0.2510370537638664,
    0.4787734450979365,
    0.16627530029250515,
    0.23008496914472845,
    0.39361869140217703,
    0.30509764204422635,
    0.4817761518061161,
    0.3191290675765938,
    0.31524896601008046,
    0.3001034105610516,
    0.2768289028770394,
    0.3810651937706603,
    0.26935157428185147,
    0.38984640915360713,
    0.5593263428244326,
    0.17938031297590998,
    0.4059225155247582,
    0.3131642285734415,
    0.3096326893816392,
    0.43371325069003636,
    0.19897502101957798,
    0.33665791898965836,
    0.39353103190660477,
    0.2514905052052604,
    0.2860034182667732,
    0.1657167687598202,
    0.28510407730937004,
    0.22801259439438581,
    0.2455698326230049,
    0.29757990170684123,
    0.22348695020708773,
    0.394170996422569,
    0.18822763984402022,
    0.32377032935619354,
    0.255464946747654,
    0.2816489099835356,
    0.2854469722757737,
    0.1754742462394966,
    0.3165702116158273,
    0.21089254609412617,
    0.30556661718421513,
    0.49078571216927636,
    0.152213959954679,
    0.2147632727606429,
    0.1538503144143356,
    0.3943954495092233,
    0.41109075852566296,
    0.3621776902841197,
    0.3537996090534661,
    0.371565870112843
  ]
}