{
  "dataset": "sim_medium",
  "variant": "SARC-raw-wear",
  "seed": 789,
  "best_val_mae": 0.29450132168411647,
  "mae": 0.29628785201490515,
  "ce": 0.28729060315613253,
  "per_sequence_mae": [
    0.22396879059296068,
    0.2434985704349233,
    0.4011424912324468,
    0.3208048912975918,
    0.30024812303805676,
    0.34662429205886197,
    0.29701922751551274,
    0.25404903856917177,
    0.3279399617564633,
    0.25745019451320283,
    0.2959950673598341,
    0.39274438004168555,
    0.1676142613839895,
    0.31412119145969264,
    0.353640367660748,
    0.278413219452521,
    0.3677214471678121,
    0.2367427914610313,
    0.3038867099143089,
    0.26858506879520777,
    0.26769264195897907,
    0.2698436121674364,
    0.3483613202935668,
    0.26890091542518363,
    0.3519541357955687,
    0.3333440603512201,
    0.3539644168893501,
    0.2810396163142406,
    0.33853798830201937,
    0.3262678205026549,
    0.22258265150273482,
    0.3627788056695961,
    0.2448417845493285,
    0.29823347350404034,
    0.22698613584401617,
    0.2398028854807888,
    0.35190489930126057,
    0.23810867001130473,
    0.27112361201821417,
    0.29679241552445007,
    0.26454325729295614,
    0.2842077396381222,
    0.2463127912412636,
    0.25553966838354336,
    0.30710454545506893,
    0.2930380169767406,
    0.31941712784347726,
    0.25713881052835863,
    0.31011442180193854,
    0.374903142198276,
    0.33156137075712017,
    0.34719033073088135,
    0.3281825796513916,
    0.32470020348306244,
    0.19531817923139205,
    0.34284859129143996,
    0.35915736370181345,
    0.31228280325689434,
    0.2045155855582564,
    0.27392264476033457
  ],
  "per_sequence_ce": [
    0.3337660427722666,
    0.184898496295015,
    0.17826831289049652,
    0.19500550793276894,
    0.34424413906203377,
    0.3121314448200994,
    0.22285484512233072,
    0.3489798837237888,
    0.23866966346071827,
    0.23085028636786672,
    0.18762925598356459,
    0.5135943334963586,
    0.14824855162037742,
    0.2351424146650566,
    0.49788198206159806,
    0.3182639578978221,
    0.35434641383795273,
    0.2946484022670322,
    0.2655266726182567,
    0.31792227923870087,
    0.25849677787886727,
    0.3644091652499305,
    0.25977046047854757,
    0.37018927600648666,
    0.4715515333745215,
    0.1489176188285152,
    0.39934209423760575,
    0.21273312117490503,
    0.3016265071928501,
    0.35778556060459876,
    0.16908076384829152,
    0.37385972847955096,
    0.3526012200034327,
    0.24561151603443754,
    0.27127773356106544,
    0.15797467612557942,
    0.2879859618842602,
    0.19656983700891337,
    0.20064122933480474,
    0.3387198874519931,
    0.21831640125148827,
    0.5228979223304324,
    0.2007472701370716,
    0.31006450288825566,
    0.17115212521619266,
    0.29445919311708874,
    0.39990515013535816,
    0.1406485214829445,
    0.2786352121167713,
    0.2007025822272731,
    0.31340095804383356,
    0.4464589183529218,
    0.1338741337466571,
    0.3055578236364656,
    0.13950606083704364,
    0.33791771282752353,
    0.4716033923129241,
    0.31368109708031017,
    0.29494794892768067,
    0.2809417078064548
  ]
}