{
  "dataset": "cmp1",
  "variant": "SARC-raw-wear",
  "seed": 123,
  "best_val_mae": 0.46800353388100474,
  "mae": 0.4900326898272823,
  "ce": 0.19153736254507936,
  "rmse": 0.7839155328183399,
  "per_sequence_mae": [
    0.2675117291510105,
    0.13554360251873732,
    0.16460922360420227,
    0.14952196180820465,
    0.15202141925692558,
    0.0687140692025423,
    0.40771134032143486,
    0.4018414318561554,
    0.35482902659310234,
    0.16967060541113219,
    0.09760341048240662,
    0.10201239896317323,
    0.7247995138168335,
    0.6736350655555725,
    0.6646600663661957,
    0.23133931918577713,
    0.1924428330226378,
    0.15810079127550125,
    2.0522891879081726,
    2.052349269390106,
    2.0536134839057922,
    0.5113579750061035,
    0.4384958326816559,
    0.4274740993976593,
    0.06635745863119762,
    0.08515983074903488,
    0.1058689821511507,
    2.2016690572102866,
    2.1978889306386313,
    2.179510474205017,
    0.6642319083213806,
    0.6095519602298737,
    0.5465369045734405,
    0.20217126111189523,
    0.261219655474027,
    0.2089277704556783,
    0.4427643318970998,
    0.4539024432500203,
    0.43366122245788574,
    0.4787060976028442,
    0.3740964651107788,
    0.37771854996681214,
    0.2506474124060737,
    0.11619312812884648,
    0.09289830923080444,
    2.1808379888534546,
    2.163639187812805,
    2.163780927658081,
    0.34661896526813507,
    0.3358454902966817,
    0.3310953179995219,
    2.293166716893514,
    2.3027853965759277,
    2.2941880226135254,
    1.9374620914459229,
    1.9290197491645813,
    1.9277340769767761,
    0.1537124067544937,
    0.08948447555303574,
    0.08373254165053368,
    2.080134709676107,
    2.105421543121338,
    2.0855499108632407,
    0.38249365985393524,
    0.3607444018125534,
    0.34568317234516144,
    0.15548481792211533,
    0.09604507684707642,
    0.09367427229881287,
    0.024931726045906544,
    0.01736760139465332,
    0.03836647979915142,
    1.9023223320643108,
    1.8972798983256023,
    1.897655725479126,
    0.005049046128988266,
    0.01393955945968628,
    0.025033007375895977,
    0.14630975387990475,
    0.16342249512672424,
    0.11183561198413372,
    0.462830051779747,
    0.4462866187095642,
    0.4284702390432358,
    0.03927081264555454,
    0.007678240537643433,
    0.007545736851170659,
    0.5513255715370178,
    0.45291364192962646,
    0.4425938367843628,
    0.409198060631752,
    0.3739900439977646,
    0.32026854157447815,
    0.08266102895140648,
    0.018410333897918463,
    0.04775315895676613,
    0.42825064063072205,
    0.3551104813814163,
    0.3536219745874405,
    0.06352538242936134,
    0.04126154538244009,
    0.02116585965268314,
    0.38809384405612946,
    0.34052102267742157,
    0.33285191655158997,
    0.2782905846834183,
    0.15702355280518532,
    0.127328310161829,
    0.32862279564142227,
    0.34603433310985565,
    0.3144930824637413,
    0.5363232833998544,
    0.5214896202087402,
    0.4734844905989511,
    0.20047901570796967,
    0.27471325397491453,
    0.28969974517822267,
    0.2524814506371816,
    0.2718391418457031,
    0.3131464272737503,
    0.05990837584249675,
    0.03776683006435633,
    0.10127070546150208,
    0.4715641836325328,
    0.4608881374200185,
    0.44648774961630505,
    0.5595309436321259,
    0.5496641397476196,
    0.5299875438213348
  ],
  "per_sequence_ce": [
    0.06089260508971555,
    0.17451520157711847,
    0.24515298647539957,
    0.03329953985909621,
    0.4176507890224457,
    0.2615051716566086,
    0.04016400454565883,
    0.30494494270533323,
    0.2555991052649915,
    0.055739797059107914,
    0.1622956054793163,
    0.09405913745815103,
    0.33069780468940735,
    0.34478679299354553,
    0.18943548202514648,
    0.15665862374007702,
    0.25283033922314646,
    0.3562530940398574,
    0.12474568021813563,
    0.05061956411615635,
    0.027454853057861328,
    0.07401335006579757,
    0.35384237207472324,
    0.21775184106081724,
    0.3427577428519726,
    0.3656071648001671,
    0.403628945350647,
    0.6300610383361345,
    0.01752262962399982,
    0.038382834690855815,
    0.08763307705521584,
    0.3319084867835045,
    0.17740130383107397,
    0.04175378382205963,
    0.1520490199327469,
    0.29202258586883545,
    0.0619241688400507,
    0.11935219913721085,
    0.1327920388430357,
    0.13042842410504818,
    0.09801435843110085,
    0.14640481118112803,
    0.04646921553649008,
    0.15089901548344642,
    0.13093703449703753,
    0.20566649734973907,
    0.0007069309358485043,
    0.0007397035951726139,
    0.062741469591856,
    0.08984319679439068,
    0.09920059889554977,
    0.8823742270469666,
    0.29318447038531303,
    0.7033731887349859,
    0.056418854743242264,
    0.01071930956095457,
    0.006446888204663992,
    0.3892116844654083,
    0.06364095211029053,
    0.3677119314670563,
    0.05893853181623854,
    0.6530959382653236,
    0.25786447152495384,
    0.34279075264930725,
    0.2897510230541229,
    0.2708786427974701,
    0.18185190856456757,
    0.010284364223480225,
    0.04449024796485901,
    0.21551834046840668,
    0.3768884837627411,
    0.6950094699859619,
    0.2523021325469017,
    0.03481726348400116,
    0.03717560973018408,
    0.04582980275154114,
    0.5137799382209778,
    0.2972377836704254,
    0.052495850649263175,
    0.07364115877343076,
    0.11994155310094357,
    0.14642710983753204,
    0.3724607527256012,
    0.3889526426792145,
    0.0536157488822937,
    0.5554292798042297,
    0.7939725518226624,
    0.07333482312969863,
    0.09097009617835283,
    0.1625992723274976,
    0.1657152771949768,
    0.074454665184021,
    0.04494444653391838,
    0.11396387467781703,
    0.1442288594941298,
    0.29675014317035675,
    0.195597842335701,
    0.03056248091161251,
    0.25038671493530273,
    0.1796958347161611,
    0.570462961991628,
    0.8524394830067953,
    0.23704910278320312,
    0.0871785506606102,
    0.25976112484931946,
    0.1012093786150217,
    0.13448062762618065,
    0.109504808858037,
    0.06780570248762767,
    0.13582764069239298,
    0.3192128042380015,
    0.10380107412735622,
    0.13179236805687347,
    0.18433677343030772,
    0.18146107159554958,
    0.3186683524399996,
    0.4072762355208397,
    0.17256504949182272,
    0.3948327325284481,
    0.35953871458768843,
    0.06487357483378478,
    0.05962447742266314,
    0.1699402460030147,
    0.03195362668484449,
    0.2823327535763383,
    0.30040100365877154,
    0.13498138139645258,
    0.39310874541600543,
    0.3366478607058525
  ]
}