{
  "dataset": "sim_medium",
  "variant": "SARC-raw-wear",
  "seed": 7777,
  "best_val_mae": 0.28913685114437804,
  "mae": 0.29069480772471734,
  "ce": 0.31927073268668243,
  "per_sequence_mae": [
    0.3370978565206723,
    0.21332056372492586,
    0.3153893309955821,
    0.284225094761238,
    0.30335464858465727,
    0.33793071267361624,
    0.2703580126581788,
    0.30988457200538044,
    0.29535649160134997,
    0.26246127571773514,
    0.2826831740053881,
    0.42469555735737907,
    0.13235978046448382,
    0.24398474344051885,
    0.3844039375731174,
    0.32217531183427345,
    0.4166281626703595,
    0.24160806937259094,
    0.26959271079757646,
    0.2795722277858352,
    0.28372274549462234,
    0.28858599409279095,
    0.3176432811498786,
    0.2736755586821866,
    0.4225810716407456,
    0.297157011803198,
    0.31794052167540715,
    0.29752871394334907,
    0.34610474263425,
    0.36855830018408114,
    0.2603966288838433,
    0.3176531220336656,
    0.2321939522550504,
    0.2559503216476121,
    0.22343012741618698,
    0.18936664236162143,
    0.3543429449614683,
    0.24672592742112162,
    0.2582374827505111,
    0.20268433854818804,
    0.2310195685203747,
    0.28437756437534895,
    0.20596020060667486,
    0.22979701496055813,
    0.3324685547749187,
    0.29403048532163806,
    0.3032187139569242,
    0.22591664667106398,
    0.24637319102196722,
    0.34304725488943993,
    0.3079684264438897,
    0.33315156527542095,
    0.30583639220555886,
    0.285275864690428,
    0.20303878548077217,
    0.3726945089391996,
    0.38180620402148974,
    0.304620802355995,
    0.26568403090218407,
    0.3038410239445537
  ],
  "per_sequence_ce": [
    0.5023096626003584,
    0.17806909585164654,
    0.21986966331799826,
    0.21329642087221146,
    0.3650679315129916,
    0.34392860035101575,
    0.2553957126413782,
    0.44906562980678344,
    0.2719921318607198,
    0.25671779664440286,
    0.3310123820685678,
    0.5915653718014559,
    0.16074480747597086,
    0.2432217782156335,
    0.5332713168528345,
    0.3678966541257169,
    0.41847007473309833,
    0.3186468193307519,
    0.2711128108203411,
    0.3010325677072008,
    0.3333714198735025,
    0.43225759940428865,
    0.24258253837211263,
    0.4038328226241801,
    0.5787038774126105,
    0.15811695324050057,
    0.41395041801863247,
    0.28838344953126377,
    0.330897517916229,
    0.4184395968914032,
    0.18088238220661879,
    0.3061238075089123,
    0.3488505375054147,
    0.26746183157795006,
    0.3198605063888762,
    0.16297606627146402,
    0.2959394527392255,
    0.27998078904218143,
    0.3083471871084637,
    0.3080095063067145,
    0.2505640335794952,
    0.4872962265378899,
    0.2102050973723332,
    0.3001067911585172,
    0.23574602603912354,
    0.2858083626876275,
    0.38744985891713035,
    0.15367642251981628,
    0.2880470605774058,
    0.1936770464397139,
    0.3301793817016814,
    0.4055030279689365,
    0.15389560918427175,
    0.22601121953792042,
    0.15862880429873863,
    0.4423500560224056,
    0.5417578390075101,
    0.3722618634088172,
    0.37270200852718616,
    0.3887217371828026
  ]
}