{
  "dataset": "CMP Simulator (Preston eq., drift_scale=0.4)",
  "tag": "sim_mild_cql1.0_s1024",
  "seed": 1024,
  "n_test_sequences": 60,
  "dynamics_model": "CMPSimulator (Preston eq. ground truth)",
  "methods": {
    "SARC": {
      "mae": 0.2769260116034333,
      "rmse": 0.34382624415307034,
      "action_cost": 0.3152929891261773,
      "spec_violation_rate": 0.002631578947368421,
      "n_transitions": 1140,
      "n_sequences": 60,
      "per_sequence_mae": [
        0.255441506778279,
        0.2764954253307828,
        0.27089909245570376,
        0.23933078123583282,
        0.314706291387139,
        0.33908775926877405,
        0.27051295578762286,
        0.23842206792510626,
        0.2924375410949032,
        0.2721027249379209,
        0.23430008861996468,
        0.3654363633039926,
        0.1311874338719916,
        0.2222963765701723,
        0.3224392736840626,
        0.31832139859176634,
        0.3590088130433317,
        0.2592695685289717,
        0.25268631686971754,
        0.2758540043972508,
        0.30547264319786477,
        0.26338842068883217,
        0.3620377385663248,
        0.2899964593896096,
        0.37502539131733836,
        0.22681915001723726,
        0.36027393047220646,
        0.28389852110652664,
        0.32634588049576624,
        0.2712901506474495,
        0.2399118693510109,
        0.28848883033642986,
        0.2569620342830131,
        0.24695651475784514,
        0.19891098850948943,
        0.1824109509849522,
        0.41624510121951497,
        0.21121978003449426,
        0.25761926351319975,
        0.2394537991907494,
        0.2397485771933201,
        0.25808954582695653,
        0.2051178581967903,
        0.29156065461474584,
        0.2906393727144072,
        0.37793095047746944,
        0.27493847936340016,
        0.2212797914438587,
        0.25581473008587324,
        0.31991716972063217,
        0.2828314912600973,
        0.3386062120493846,
        0.22090401316921895,
        0.27454157883891395,
        0.19000214695840772,
        0.35729001736564087,
        0.30370912392118293,
        0.3095787602601863,
        0.2037817492160935,
        0.28631527176627664
      ],
      "per_sequence_ce": [
        0.28702344451772255,
        0.36370421154855714,
        0.3124437324090481,
        0.27042201669300314,
        0.35157979752963275,
        0.32902704537803035,
        0.2947444059720039,
        0.3193002123023486,
        0.32003167553166684,
        0.26909850953422765,
        0.31252254990007106,
        0.3657584509691569,
        0.14816957467270114,
        0.23170289802537475,
        0.3653868126889897,
        0.38644411011288565,
        0.43204764514747596,
        0.2616004152040221,
        0.25548793961880384,
        0.30787609310398156,
        0.4119330657251542,
        0.29256658878660313,
        0.5302000217801562,
        0.3229011842135892,
        0.4265851795293943,
        0.30634080357332194,
        0.3818020731656967,
        0.3014538566478424,
        0.32594932072701066,
        0.3281031568465685,
        0.26966219992135415,
        0.2642910010763444,
        0.32953580342992034,
        0.2500910075139944,
        0.23535940024346388,
        0.20687950627567867,
        0.5019084945045136,
        0.23403960523299044,
        0.33220376214012504,
        0.27547383939640385,
        0.2543970626451213,
        0.33197220996199,
        0.21694802939870256,
        0.3379443321696103,
        0.36616150883060916,
        0.4068074344864322,
        0.31129042873228036,
        0.24664700504163864,
        0.28246016350803305,
        0.3141610994590101,
        0.25317235869631444,
        0.36259183022883484,
        0.2460902305837306,
        0.31707215491958235,
        0.2700609185181006,
        0.3923329220895,
        0.3442344295930255,
        0.37918326177599804,
        0.23541628308939164,
        0.3369842722529063
      ]
    },
    "SARC-no-drift": {
      "mae": 0.2885551462965141,
      "rmse": 0.3586274843225474,
      "action_cost": 0.3165294421855418,
      "spec_violation_rate": 0.002631578947368421,
      "n_transitions": 1140,
      "n_sequences": 60,
      "per_sequence_mae": [
        0.3475640900545977,
        0.3114456609025968,
        0.2961383394079815,
        0.3028706491854727,
        0.31264178078523974,
        0.4013072524485987,
        0.2903216337232439,
        0.2462334402420986,
        0.28721548752122256,
        0.19478482139747935,
        0.1968017512974845,
        0.3549143120640867,
        0.1615347587591378,
        0.22832772414696834,
        0.28218686159938744,
        0.32348186578032856,
        0.38121233422142003,
        0.2955772746629912,
        0.24621960661607317,
        0.24027600531204882,
        0.21971439645521862,
        0.2395535422603833,
        0.22069057057450206,
        0.27675202051125075,
        0.3578817424033353,
        0.3032630166930743,
        0.4103484412176571,
        0.26944600347443454,
        0.42916932324668133,
        0.30871669022587644,
        0.26526895156833014,
        0.2226974777073291,
        0.28758021217994517,
        0.29911988667761213,
        0.29583188058580695,
        0.2065926996213433,
        0.3534621413877873,
        0.24621339906129247,
        0.33811540149348096,
        0.20661675355727768,
        0.3567080907242589,
        0.26284783915320686,
        0.2075863931712505,
        0.2525253640169565,
        0.2830493236391297,
        0.3787889997901086,
        0.2903136014956547,
        0.24464991191116384,
        0.2356463129981339,
        0.3847893842873527,
        0.3030323134366818,
        0.36559119390365297,
        0.29524576463488517,
        0.32389979387517626,
        0.2661235974624989,
        0.3609133467990877,
        0.29718408802149715,
        0.27704183523964115,
        0.19693166592318617,
        0.272349756276245
      ],
      "per_sequence_ce": [
        0.3583044397183349,
        0.3557031831889482,
        0.2954214456387692,
        0.33551870925671046,
        0.29773961427983725,
        0.34930289298709893,
        0.3125071094319638,
        0.3120593119723101,
        0.349297274938888,
        0.2866059093805099,
        0.26880851621670576,
        0.31369079655484744,
        0.2958722890902276,
        0.23357082975605778,
        0.30105444393120706,
        0.32069535454933495,
        0.36095793212384536,
        0.35286737192008233,
        0.35572865731255326,
        0.3015814796758436,
        0.2615943397061158,
        0.28232251992449164,
        0.3145679675594524,
        0.32700187934096897,
        0.32771806723192437,
        0.3041806015772399,
        0.4203706351108849,
        0.260928434013665,
        0.3786660684876282,
        0.29444486304634704,
        0.29700019188156285,
        0.35469308137867805,
        0.30077948823735046,
        0.32499883647283745,
        0.291742178482107,
        0.2957859434946268,
        0.33055585391250336,
        0.31354744949688507,
        0.2971467341348115,
        0.29746019397862256,
        0.31823355635774697,
        0.332832195843501,
        0.3220978853609672,
        0.2893899006217166,
        0.2982603854637731,
        0.30207150501923435,
        0.3273261192716072,
        0.3222197515855509,
        0.2860854755293716,
        0.33591772213198795,
        0.34970901754719236,
        0.3592989201898928,
        0.35403932947492983,
        0.29314318124562744,
        0.3485172239511653,
        0.34158383218433575,
        0.2808921168799754,
        0.3271729915092389,
        0.2690608474356984,
        0.3011216841362141
      ]
    },
    "BC": {
      "mae": 0.30666673781094284,
      "rmse": 0.3866463982692047,
      "action_cost": 0.2337386288652739,
      "spec_violation_rate": 0.007894736842105263,
      "n_transitions": 1140,
      "n_sequences": 60,