{
  "dataset": "CMP Simulator (Preston eq., drift_scale=0.4)",
  "tag": "sim_mild_cql1.0_s7777",
  "seed": 7777,
  "n_test_sequences": 60,
  "dynamics_model": "CMPSimulator (Preston eq. ground truth)",
  "methods": {
    "SARC": {
      "mae": 0.2701651321887756,
      "rmse": 0.33768501535810186,
      "action_cost": 0.3030091392169534,
      "spec_violation_rate": 0.005263157894736842,
      "n_transitions": 1140,
      "n_sequences": 60,
      "per_sequence_mae": [
        0.2364145018048708,
        0.220162583261392,
        0.33253075616618,
        0.2515849897471681,
        0.3000824204958879,
        0.3362218303706043,
        0.23435841391298146,
        0.222713840948113,
        0.29756841791820066,
        0.2846182774163419,
        0.1894444223954034,
        0.31759138321437214,
        0.15076454957477176,
        0.19647620609603367,
        0.3311715990877387,
        0.30279121798881137,
        0.35597859711640306,
        0.2513809111694676,
        0.28820918725815653,
        0.2583361006594359,
        0.2932876407037477,
        0.24563974134074945,
        0.2599656268890115,
        0.27593313472142333,
        0.4056282884994628,
        0.24063866049458174,
        0.3153845682137963,
        0.2518157477504248,
        0.3260459210313051,
        0.29887282321363123,
        0.24856930334997804,
        0.26320583816754123,
        0.2352236221309523,
        0.2766589550030049,
        0.21183238911410282,
        0.23079586363361002,
        0.42299988875342515,
        0.22963779815532115,
        0.19518504963011143,
        0.20315299223010283,
        0.21244952584862897,
        0.2494316721539358,
        0.2902333096500549,
        0.2910174311744098,
        0.27400786843085373,
        0.2759057376176924,
        0.26997695037137087,
        0.19773782432135384,
        0.2802387414631507,
        0.2920085672543486,
        0.24268401838784176,
        0.32441847071821056,
        0.217565657804684,
        0.31425238471367445,
        0.17884843674698303,
        0.3829998929022662,
        0.32017016456616393,
        0.2957071572013767,
        0.2302143593787064,
        0.2811657009922093
      ],
      "per_sequence_ce": [
        0.2951225115814143,
        0.2828497395385057,
        0.335146067948598,
        0.2525606026562552,
        0.3566359290982493,
        0.3268018905245872,
        0.27300040689469485,
        0.31654192260638986,
        0.31291235207269597,
        0.30057069200901654,
        0.21650921912104995,
        0.35679947715080174,
        0.18967250213285702,
        0.1991921502825183,
        0.40485116581247127,
        0.46870283387101225,
        0.3919489490109737,
        0.2943979612609837,
        0.28924971526592136,
        0.2950047068987731,
        0.3830083132100602,
        0.3538236477308804,
        0.3433401566796454,
        0.29960011642133055,
        0.4285964446823561,
        0.2511676987719343,
        0.40052223985117896,
        0.24972622943352216,
        0.31111359216824724,
        0.3298912043165829,
        0.25875307942085246,
        0.22732676688529965,
        0.2195912531827128,
        0.2647660942748189,
        0.21151531297989468,
        0.2115623046454318,
        0.495953344425221,
        0.22862639808509913,
        0.22419442236854664,
        0.25776143158630777,
        0.2313524164562329,
        0.2619148242132117,
        0.47348404355795576,
        0.32962561307337,
        0.31701668083702245,
        0.3224919362390345,
        0.3118114783320818,
        0.2166852776965782,
        0.2978910357304374,
        0.27078625199350487,
        0.2118280137785607,
        0.3250027482712607,
        0.2126216598682933,
        0.4075733749799569,
        0.16220143023033248,
        0.435638523529094,
        0.39486885050104725,
        0.3347784115682804,
        0.23514327709994243,
        0.31852165820331446
      ]
    },
    "SARC-no-drift": {
      "mae": 0.3082754037407313,
      "rmse": 0.38724917945951814,
      "action_cost": 0.3421238439167306,
      "spec_violation_rate": 0.008771929824561403,
      "n_transitions": 1140,
      "n_sequences": 60,
      "per_sequence_mae": [
        0.3959065256553777,
        0.28593300649058945,
        0.33239539997527423,
        0.2557201398756347,
        0.35214599234812033,
        0.4360401117416564,
        0.2904792633237414,
        0.2323980353274004,
        0.271144393762982,
        0.31979550922129496,
        0.22089131161363298,
        0.2823743446011541,
        0.3120717107175745,
        0.2606907333945735,
        0.38429317136779967,
        0.28943878508897825,
        0.3763006703772196,
        0.2933520762279258,
        0.28195307300551176,
        0.2766039298886047,
        0.3234727940586252,
        0.20498070250354827,
        0.2737569142210962,
        0.37210923719590494,
        0.3747724975027613,
        0.36163857200399974,
        0.41727540158759807,
        0.41806254442829194,
        0.46209232897081914,
        0.3372432135916245,
        0.31131860999483596,
        0.31098892691382773,
        0.27643003805272864,
        0.3190805433904832,
        0.28891125204713203,
        0.20870313516219707,
        0.3676286566332934,
        0.29185779492524283,
        0.24125497424039,
        0.20558039885709953,
        0.3276868824201701,
        0.27130162078033637,
        0.1937419898678192,
        0.24848376483275464,
        0.23762311735170646,
        0.3769186762842932,
        0.3240721467977165,
        0.19404323498814907,
        0.23944301915564045,
        0.338163916185051,
        0.31251352377925995,
        0.37811507509791037,
        0.2735523529610117,
        0.3245514846235735,
        0.23648586327979648,
        0.45762560169951333,
        0.3048735498232357,
        0.3146093901134916,
        0.2996349885768314,
        0.32599730553907436
      ],
      "per_sequence_ce": [
        0.42401337463201744,
        0.39200797884000665,
        0.376267862075043,
        0.30494178778974823,
        0.3750712823988309,
        0.4421055658754927,
        0.3364088874206775,
        0.20476344884028314,
        0.333530924041514,
        0.32873339923443623,
        0.30976389686542527,
        0.2957709517795593,
        0.27028974399177563,
        0.3170310673821303,
        0.42177001950309473,
        0.33032026567444617,
        0.3876367941395277,
        0.3176669212385874,
        0.28809224548577156,
        0.4005027287661236,
        0.3735941245384445,
        0.3449237777817028,
        0.3602005616498732,
        0.4099514034352507,
        0.3494286565799956,
        0.3360327020356501,
        0.37972848082858096,
        0.42728839926766576,
        0.43840009134900926,
        0.35436029723603973,
        0.2816269880384896,
        0.36028323036239107,
        0.2730731327966269,
        0.34452624717313385,
        0.306581612193474,
        0.3273670025497537,
        0.424304651648358,
        0.3460565410485422,
        0.31092008638747587,
        0.29038366267060933,
        0.32129066164984743,
        0.33487343167265254,
        0.28634273593693416,
        0.3337776777506978,
        0.29102348921717036,
        0.3330760306368272,
        0.30967890688528615,
        0.2956972750188369,
        0.39913366574587095,
        0.2865899575667249,
        0.343304687273943,
        0.3666228864997349,
        0.32780331405983476,
        0.34586694029470283,
        0.3213752207229845,
        0.41032873921061835,
        0.3308719545732149,
        0.37548529638701844,
        0.2870562206501038,
        0.3315107477052758
      ]
    },
    "BC": {
      "mae": 0.3148429995634019,
      "rmse": 0.3987676619939491,
      "action_cost": 0.271014242924462,
      "spec_violation_rate": 0.018421052631578946,
      "n_transitions": 1140,
      "n_sequences": 60,