{
  "dataset": "CMP Simulator (Preston eq., drift_scale=0.4)",
  "tag": "sim_mild_cql1.0_s789",
  "seed": 789,
  "n_test_sequences": 60,
  "dynamics_model": "CMPSimulator (Preston eq. ground truth)",
  "methods": {
    "SARC": {
      "mae": 0.2721258874558977,
      "rmse": 0.3401598060744011,
      "action_cost": 0.35208950998063687,
      "spec_violation_rate": 0.0035087719298245615,
      "n_transitions": 1140,
      "n_sequences": 60,
      "per_sequence_mae": [
        0.2237925875393195,
        0.2801486749475909,
        0.3362330849401238,
        0.2574434753427333,
        0.3154455322391029,
        0.3451233932697024,
        0.23603879781980436,
        0.2013101945148081,
        0.3050972645604128,
        0.28394533138213834,
        0.1899325894105513,
        0.36803557019958694,
        0.13280726128993164,
        0.20682585994481553,
        0.3368141825770678,
        0.30790862077588554,
        0.364971123548944,
        0.2616170202932977,
        0.274641848218112,
        0.24176992181234444,
        0.28672416560195385,
        0.22056491590319643,
        0.2691111336142167,
        0.2670983534119749,
        0.3821824818934984,
        0.2608651072347767,
        0.317885235080902,
        0.25846698711983696,
        0.35780313349983917,
        0.30764050568935525,
        0.24405410881044798,
        0.30965407577867254,
        0.23228051255719703,
        0.2579200439458345,
        0.20265993532554544,
        0.19400886559614067,
        0.3892694422196922,
        0.23898825560758397,
        0.21650974134403028,
        0.22336132007805573,
        0.24156937346327664,
        0.2700669655144035,
        0.2334653693092942,
        0.306139979008151,
        0.30031634459480766,
        0.27255547521631796,
        0.2891668661100864,
        0.18972577180923583,
        0.2745542760789753,
        0.3080404518465111,
        0.27029101198691363,
        0.31738060699920484,
        0.24147042617832207,
        0.25569502607003247,
        0.17771206212970161,
        0.35640847316804,
        0.28087357488000947,
        0.317796139999251,
        0.19027783407393045,
        0.32709656397837483
      ],
      "per_sequence_ce": [
        0.3031729936634225,
        0.439846457335753,
        0.3895385381593196,
        0.32016235363186785,
        0.42118300715487245,
        0.4252629830982726,
        0.32869920170762473,
        0.31305041550917345,
        0.3692595510165793,
        0.31687338587276087,
        0.245553282067973,
        0.4514766115904354,
        0.1976302295224741,
        0.27528638800571636,
        0.4803120411794495,
        0.38095409555050236,
        0.48413615856595615,
        0.3513437741332584,
        0.32089005679719973,
        0.3230074520774737,
        0.4598658708165641,
        0.29060727733842756,
        0.44875579248010006,
        0.35949947505206287,
        0.47672595303124077,
        0.32731007008502877,
        0.44826510007044784,
        0.3550006426543135,
        0.4357001681777614,
        0.3341632305851413,
        0.29889090512706723,
        0.31313299184182175,
        0.3047050598198203,
        0.30454812619266,
        0.25536568559430267,
        0.25069852433538203,
        0.49408605612417744,
        0.3103493488376477,
        0.34539833791657454,
        0.3061400513871815,
        0.29697919666068623,
        0.34877899533279966,
        0.2798773723275021,
        0.40221320976922503,
        0.3911497480304981,
        0.36940822292537495,
        0.40364166019760345,
        0.2541160750595197,
        0.34064926793885036,
        0.3336718666056792,
        0.30434877230113166,
        0.4067137361745592,
        0.2633634225154916,
        0.30167262666617284,
        0.17728297854073052,
        0.4722836598946876,
        0.3873116289894959,
        0.45171095271318873,
        0.24312436063687695,
        0.4402252014503271
      ]
    },
    "SARC-no-drift": {
      "mae": 0.29815606091404884,
      "rmse": 0.3736943313105351,
      "action_cost": 0.5847942665843602,
      "spec_violation_rate": 0.007894736842105263,
      "n_transitions": 1140,
      "n_sequences": 60,
      "per_sequence_mae": [
        0.28712145872753425,
        0.2720407701210911,
        0.34048037447642515,
        0.26498329861111813,
        0.2731644050086657,
        0.3325706563572679,
        0.2246049947156318,
        0.2663503346938504,
        0.35561134158568686,
        0.2951199541700773,
        0.22540495468791028,
        0.33606863707066514,
        0.1785399906613346,
        0.22220409865922763,
        0.3968381985762106,
        0.34303256763608775,
        0.4185504742819975,
        0.27279577734972316,
        0.32487146217182944,
        0.35404348384012524,
        0.2916596083653314,
        0.2532379165469539,
        0.3162233461145824,
        0.292909381041433,
        0.4676370961994778,
        0.23966952051243515,
        0.3561764785178499,
        0.25244176064460994,
        0.3179094175378674,
        0.371981675671733,
        0.2936812043166708,
        0.29106917677642286,
        0.23277753256462616,
        0.26240472702232437,
        0.17647600266395216,
        0.21248808582314366,
        0.41796641178470584,
        0.28341190853234705,
        0.26152914021250756,
        0.25582389065629485,
        0.2835408994141349,
        0.28072527434824773,
        0.24816827998243482,
        0.33221180779790194,
        0.37367908715272335,
        0.36353040696151523,
        0.2973428329907497,
        0.23282504078930055,
        0.32455338455737065,
        0.29144875172552326,
        0.2634481397988061,
        0.33338292036456785,
        0.2792229895669646,
        0.3122365777697402,
        0.2045318646155975,
        0.33160105022763425,
        0.3525312460620583,
        0.25965835754909206,
        0.2899117640040214,
        0.40294146425681704
      ],
      "per_sequence_ce": [
        0.5683925274934154,
        0.5483995403887497,
        0.6058195145214322,
        0.4883914634701796,
        0.6158936968832104,
        0.5254150366462353,
        0.48298245627019143,
        0.6209580648207553,
        0.6652376366503261,
        0.6556350970813246,
        0.5571612689851059,
        0.6826597775712058,
        0.4560065860903166,
        0.5077765593305231,
        0.7726756264196917,
        0.6453526453115047,
        0.7311696098186076,
        0.6048497778721396,
        0.6011610819044075,
        0.651176029186765,
        0.7069308809177193,
        0.5609879535795361,
        0.641793530770681,
        0.6013907357463958,
        0.7974117523818104,
        0.40313245521651375,
        0.658141562646186,
        0.5398135714025962,
        0.5698376773270192,
        0.5916091013630784,
        0.5471510608611561,
        0.5182710272363491,
        0.4977076124320134,
        0.5399641865278009,
        0.38136458890167657,
        0.4365454273043994,
        0.8257535162039049,
        0.5290984564064138,
        0.5839580250903965,
        0.5918881925754248,
        0.6274924917163811,
        0.6042964428197592,
        0.5724274939447815,
        0.6251658694646149,
        0.6652751094273602,
        0.6721693700205327,
        0.6103177778875559,
        0.5058124444913119,
        0.6452764482927268,
        0.40119031094083635,
        0.47478188308714714,
        0.6048371186393693,
        0.549167075228912,
        0.5490212188516226,
        0.35905631316429076,
        0.661717508678083,
        0.7056759920712836,
        0.512480248455648,
        0.5612653114108576,
        0.6703642548613802
      ]
    },
    "BC": {
      "mae": 0.31291215516684123,
      "rmse": 0.39208868432723964,
      "action_cost": 0.24521932979541927,
      "spec_violation_rate": 0.0061403508771929825,
      "n_transitions": 1140,
      "n_sequences": 60,