{
  "dataset": "CMP Simulator (Preston eq., drift_scale=1.0)",
  "tag": "sim_medium_cql1.0_s1024",
  "seed": 1024,
  "n_test_sequences": 60,
  "dynamics_model": "CMPSimulator (Preston eq. ground truth)",
  "methods": {
    "SARC": {
      "mae": 0.3338759985636291,
      "rmse": 0.41508474920260024,
      "action_cost": 0.3571101507208727,
      "spec_violation_rate": 0.010526315789473684,
      "n_transitions": 1140,
      "n_sequences": 60,
      "per_sequence_mae": [
        0.30198630272650745,
        0.2946074752832956,
        0.47140147600939375,
        0.33102316893641737,
        0.31151168013840946,
        0.3921864491189621,
        0.3956064595523483,
        0.2824707532072393,
        0.32217872466491704,
        0.3787691861483849,
        0.23999791511748353,
        0.4463521667905301,
        0.2549782088410057,
        0.2787404875684861,
        0.4270948570853165,
        0.32800202482319696,
        0.4424028422262655,
        0.29459615683905166,
        0.3319954535085761,
        0.3747925859562734,
        0.39363561174541567,
        0.3371841094964207,
        0.3192527368132497,
        0.33077018529738456,
        0.4089228719054536,
        0.31097538000880115,
        0.3684678750174322,
        0.31132102577330484,
        0.43496653159853327,
        0.37206953868943815,
        0.27500991431033883,
        0.3031172220786001,
        0.2963410538536507,
        0.33902491254345185,
        0.2309832597569625,
        0.23174479241605825,
        0.37810799290148894,
        0.30416542412749115,
        0.2382014282987448,
        0.24226285527200223,
        0.26426699120526176,
        0.28659399666987473,
        0.2391437334362372,
        0.3520042800426528,
        0.43915346615938644,
        0.4470355507493336,
        0.2997699560241129,
        0.2524585885874613,
        0.38582098715446833,
        0.45167229389462504,
        0.3387611660674155,
        0.3863081046693641,
        0.29360104178439816,
        0.3721080216341236,
        0.2223762807987962,
        0.39849214253174353,
        0.36881767922856046,
        0.35090094881879025,
        0.22716103164930096,
        0.3288945562655555
      ],
      "per_sequence_ce": [
        0.425046645079015,
        0.29881211087383597,
        0.5009166988785619,
        0.24085228141673184,
        0.34665173209375805,
        0.33679666621955456,
        0.27481363920701873,
        0.42400298946261133,
        0.2929173930078159,
        0.4243891870396005,
        0.2804791474956329,
        0.4998800589911062,
        0.4014648628524608,
        0.3600966700490702,
        0.5208132601067148,
        0.27966657724162497,
        0.5181635448157236,
        0.2460792537399188,
        0.2651432571604986,
        0.488686451015787,
        0.5207336601042363,
        0.3947411060712679,
        0.44905108051305564,
        0.36352316265132417,
        0.4785581656248757,
        0.19644344770522026,
        0.4043859591862808,
        0.2808924536393197,
        0.28349459706590063,
        0.38929888339609736,
        0.3323698824237067,
        0.2138087565006033,
        0.3977050723387274,
        0.36903839334155675,
        0.2897398124957733,
        0.22966325503808482,
        0.39386577312230925,
        0.3605744551729273,
        0.33410469261515474,
        0.2899089937477752,
        0.36059003854515376,
        0.3704252446682572,
        0.2880629778255416,
        0.4894663344947967,
        0.46216895127737967,
        0.27901017672492245,
        0.29416029689902506,
        0.21251277810962943,
        0.38527399888779557,
        0.26434014261596733,
        0.331234075198019,
        0.3202521521684335,
        0.23809603931968684,
        0.2732001039090661,
        0.317944804870489,
        0.5770250783232903,
        0.412065637839044,
        0.44383867721383774,
        0.3426515197519351,
        0.36671598510885683
      ]
    },
    "SARC-no-drift": {
      "mae": 0.37203886020962396,
      "rmse": 0.4569263011460245,
      "action_cost": 0.5092244509586444,
      "spec_violation_rate": 0.021052631578947368,
      "n_transitions": 1140,
      "n_sequences": 60,
      "per_sequence_mae": [
        0.2676057463549597,
        0.3798481269388437,
        0.45506581942971264,
        0.3765606107576659,
        0.34558659597782215,
        0.4202114733457204,
        0.3709463594001727,
        0.34806809560758856,
        0.3888311119332483,
        0.3887096219364354,
        0.31893629521966893,
        0.45355016375677826,
        0.2566329773914873,
        0.3557847426440327,
        0.44087951873283826,
        0.4122812595450016,
        0.4771020567930915,
        0.32311070106559453,
        0.36282005300618847,
        0.3684939707372439,
        0.36165439657091164,
        0.35338654359091703,
        0.3645214885318104,
        0.3170387787817938,
        0.4833277792309463,
        0.3490768868492557,
        0.43049200222346684,
        0.41904873108338464,
        0.4167848367575076,
        0.437946652322561,
        0.2971494889196459,
        0.4238513991603484,
        0.3499638249087222,
        0.35130976820204085,
        0.2905412883728123,
        0.2940263732091224,
        0.498766388926224,
        0.32329917274871756,
        0.2797471020012921,
        0.301112004812389,
        0.3397444093663782,
        0.35199521248835025,
        0.30515540791551227,
        0.3587046087307937,
        0.4232058517088304,
        0.3943677991682353,
        0.3475594297692487,
        0.26799172354305467,
        0.411978490440157,
        0.44397189664954856,
        0.35443111267360694,
        0.42590274858406874,
        0.352963924616206,
        0.3913327617431177,
        0.30188474802781595,
        0.4592725772742973,
        0.3928308220522455,
        0.4168934136036581,
        0.3157880181925877,
        0.41228644825175886
      ],
      "per_sequence_ce": [
        0.523967833292705,
        0.5694181913061551,
        0.4583057489901505,
        0.4564631737389223,
        0.4822821870998101,
        0.5905060047214782,
        0.4710219636456006,
        0.5948405822014643,
        0.48522034077042775,
        0.5222978231980017,
        0.47636787496783106,
        0.6006666413374693,
        0.4326388123790147,
        0.5008435970672441,
        0.6442950959834787,
        0.5680449272083394,
        0.6390252573484623,
        0.47164687384954757,
        0.4586986999148158,
        0.5294297968244387,
        0.6373722122085316,
        0.5294458621216042,
        0.6283516067735575,
        0.46482756409656123,
        0.6776580912647424,
        0.346590257887901,
        0.6207252672476764,
        0.5297829969268706,
        0.48933518664152537,
        0.4878824840437759,
        0.395454859568013,
        0.48807034669099036,
        0.6330938367690477,
        0.46266927590800655,
        0.43851969100931587,
        0.4329067833756131,
        0.676965144643974,
        0.4693462700945222,
        0.4269915172416303,
        0.4635966163715003,
        0.43086764292308577,
        0.5792329744694549,
        0.4546757508759145,
        0.6082717230634039,
        0.5490403760966189,
        0.4378206987209894,
        0.502406108562287,
        0.392038896938579,
        0.46567652757383055,
        0.359647110518482,
        0.380616897277327,
        0.6523798718634579,
        0.3966539016907552,
        0.47220002031988556,
        0.34451784536725394,
        0.693442267132923,
        0.5474326325433881,
        0.533665048820829,
        0.42424053602627715,
        0.5530729300032059
      ]
    },
    "BC": {
      "mae": 0.40030823608983246,
      "rmse": 0.486707255394914,
      "action_cost": 0.22703423597431313,
      "spec_violation_rate": 0.028070175438596492,
      "n_transitions": 1140,
      "n_sequences": 60,