{
  "dataset": "CMP Simulator (Preston eq., drift_scale=1.0)",
  "tag": "sim_medium_cql1.0_s789",
  "seed": 789,
  "n_test_sequences": 60,
  "dynamics_model": "CMPSimulator (Preston eq. ground truth)",
  "methods": {
    "SARC": {
      "mae": 0.3338478868400959,
      "rmse": 0.41440709486875194,
      "action_cost": 0.35094835905471017,
      "spec_violation_rate": 0.016666666666666666,
      "n_transitions": 1140,
      "n_sequences": 60,
      "per_sequence_mae": [
        0.2797165495445391,
        0.3254530506455926,
        0.46552522491897635,
        0.3418609793840089,
        0.30466614764201005,
        0.3846539751582597,
        0.3411248217491603,
        0.23496968162959325,
        0.31607579419004717,
        0.3340532824041344,
        0.23537557360219438,
        0.42393736542705196,
        0.20093112025519294,
        0.2547322734563421,
        0.4158328506120749,
        0.3653549185850364,
        0.39715367051116357,
        0.3241221177513957,
        0.3240260853059557,
        0.29159071771811806,
        0.33466167420912124,
        0.3678982904644388,
        0.2769080259484906,
        0.3262099476514693,
        0.4190315375563148,
        0.3141126670715274,
        0.4100566015708659,
        0.32408268360678355,
        0.4333905289161524,
        0.34336797737737995,
        0.2847933543391054,
        0.3265140948367993,
        0.3092570544121833,
        0.28959237971697,
        0.2537875041796053,
        0.2335019576007552,
        0.43220743892326424,
        0.26959455764147416,
        0.23955476477994334,
        0.24332115945756227,
        0.29466884618131367,
        0.2721313855055911,
        0.2586144605839276,
        0.3658982904280877,
        0.38736725206678724,
        0.41538610154813027,
        0.33773856634371713,
        0.29710049640891306,
        0.3820434749994475,
        0.48649314670092775,
        0.32195906984166456,
        0.4184191056238488,
        0.3242448543541997,
        0.3834170636506961,
        0.3697018945501606,
        0.44716120795172454,
        0.3654788169186824,
        0.33618619536078403,
        0.2738761516380308,
        0.29998642899806444
      ],
      "per_sequence_ce": [
        0.38449641778909904,
        0.28715091866130626,
        0.39994692958943134,
        0.2506191732913808,
        0.3796538459999418,
        0.3570739888517117,
        0.26795460087143713,
        0.3378326269556527,
        0.29753782310419613,
        0.37355890499289945,
        0.23527243425552216,
        0.43786923371738307,
        0.2609941206217088,
        0.2427280093176739,
        0.46867871563881647,
        0.3882543242501992,
        0.4597568067773763,
        0.3051659506228235,
        0.29342949692228876,
        0.3343523619696498,
        0.45303806641863453,
        0.41893090387047444,
        0.4152408740569458,
        0.3869949793443084,
        0.48632308413895475,
        0.22152881027647742,
        0.42917656004256394,
        0.33922745715136876,
        0.34860897619553183,
        0.2983544439732752,
        0.33705360911510607,
        0.2940683186019737,
        0.43503479973447545,
        0.3228753129779189,
        0.2847801077274468,
        0.22971734246756467,
        0.44216846230146645,
        0.34015609201526753,
        0.25244846246722674,
        0.300176529282773,
        0.34370059184126417,
        0.3681191619382137,
        0.3163832292840299,
        0.5156311467333041,
        0.3702346487315717,
        0.2961277448296271,
        0.37791518430673965,
        0.27719429300891024,
        0.398015128603826,
        0.2699026890202529,
        0.2746424040653639,
        0.4350112870301086,
        0.2517406186520088,
        0.3098030559183961,
        0.415101633588266,
        0.5774015224435264,
        0.4127119321514059,
        0.3583457399271774,
        0.3266375893726945,
        0.36405206547567137
      ]
    },
    "SARC-no-drift": {
      "mae": 0.372972979897107,
      "rmse": 0.46200655159448,
      "action_cost": 0.422501396858022,
      "spec_violation_rate": 0.02894736842105263,
      "n_transitions": 1140,
      "n_sequences": 60,
      "per_sequence_mae": [
        0.3085600774144919,
        0.34662707013407507,
        0.5073392752510623,
        0.37526597445054904,
        0.3411555048109535,
        0.49179705500374205,
        0.36929164385786,
        0.2796976503932244,
        0.3802231623090147,
        0.3833401523015795,
        0.2765226103036985,
        0.47990568577599235,
        0.20474845100602782,
        0.3005870520382823,
        0.5006365550865863,
        0.4108234297632989,
        0.5244487035078723,
        0.2945034410619207,
        0.37627564931044727,
        0.28216908017791037,
        0.3891850641418893,
        0.40274813690483924,
        0.4172496215853878,
        0.3706910856044796,
        0.526794343999268,
        0.37411757759120146,
        0.47044662325717834,
        0.38761097599307787,
        0.49345946325871926,
        0.3457757410398788,
        0.2705537980313688,
        0.32613705110475033,
        0.42871509754112064,
        0.29999722924024874,
        0.2701157049670315,
        0.25832293119982014,
        0.5009507055980326,
        0.2567422697831909,
        0.3080112324100508,
        0.287464516736403,
        0.2985630462177586,
        0.29835671202252706,
        0.29159907822949543,
        0.40010613035082504,
        0.4623487776939827,
        0.5030102385913656,
        0.383577335658396,
        0.26843540893673523,
        0.3821422894250269,
        0.5066347162823568,
        0.3016180884933628,
        0.43491328690464887,
        0.32925839919548644,
        0.40593065344980345,
        0.2998566115141392,
        0.4490061451048386,
        0.4252610296783952,
        0.34065691236501217,
        0.2931681107293933,
        0.48492842903634314
      ],
      "per_sequence_ce": [
        0.44353428907278514,
        0.3852450552706917,
        0.5265543733344034,
        0.344212578566469,
        0.36980183100051894,
        0.48003929625782693,
        0.38391012882089454,
        0.42694182527096325,
        0.4450430042213864,
        0.44820409406114514,
        0.2866294665469064,
        0.5398609442711826,
        0.31354479364947313,
        0.3364943174679798,
        0.599541392315317,
        0.48431840916681623,
        0.6152285980750566,
        0.36451236965755623,
        0.41971124503416596,
        0.4232811832334846,
        0.5811800084839989,
        0.4938445412208913,
        0.557493525729687,
        0.45528420419820276,
        0.6241618049227529,
        0.2991935845843896,
        0.49434713122469404,
        0.4416659204289317,
        0.4125533423869422,
        0.316192473422874,
        0.38198642082150197,
        0.335025977300204,
        0.5302204167711789,
        0.34396416402456387,
        0.29457412630802504,
        0.3048514618141646,
        0.5616594277391278,
        0.337912114682021,
        0.3679456120632865,
        0.34022661943540533,
        0.32503218659096295,
        0.39159598765696435,
        0.3966222952844369,
        0.5566965205663883,
        0.5107434981985501,
        0.44542531644994454,
        0.42538496118935726,
        0.27982092884162235,
        0.4455003992188722,
        0.3111664146805803,
        0.28467115658093933,
        0.48672614908449485,
        0.2978247259743512,
        0.3539721576531452,
        0.31868150510773474,
        0.6037591937584459,
        0.4870422410269923,
        0.37831921101961696,
        0.3404422406866042,
        0.5997646490534492
      ]
    },
    "BC": {
      "mae": 0.3982237698040456,
      "rmse": 0.48956864947571366,
      "action_cost": 0.2577834269739694,
      "spec_violation_rate": 0.03333333333333333,
      "n_transitions": 1140,
      "n_sequences": 60,