{
  "dataset": "CMP Simulator (Preston eq., drift_scale=0.4)",
  "tag": "sim_mild_cql1.0_s2024",
  "seed": 2024,
  "n_test_sequences": 60,
  "dynamics_model": "CMPSimulator (Preston eq. ground truth)",
  "methods": {
    "SARC": {
      "mae": 0.2613651217583926,
      "rmse": 0.3299824950139336,
      "action_cost": 0.3291216744706527,
      "spec_violation_rate": 0.002631578947368421,
      "n_transitions": 1140,
      "n_sequences": 60,
      "per_sequence_mae": [
        0.23597514405646894,
        0.2280369039202676,
        0.3158689497822427,
        0.25045100738799947,
        0.2925553652787125,
        0.3250020344959238,
        0.24026439997074037,
        0.18142075043417294,
        0.2907679497306428,
        0.28254491704699325,
        0.2180385210507609,
        0.35136254145463824,
        0.1370080093400384,
        0.21161803342161492,
        0.33262075885755893,
        0.2803229776986335,
        0.3552761399110618,
        0.2148142992925446,
        0.2602878445624592,
        0.25324988521507974,
        0.2422826524377894,
        0.20709309687318309,
        0.25896739630085697,
        0.2684720663961673,
        0.3692390772598526,
        0.2507191419110556,
        0.31382578728317534,
        0.23387210385718568,
        0.3233597015391769,
        0.298754501260616,
        0.24028456978044033,
        0.2700655841967971,
        0.21657492107188114,
        0.25637686895734374,
        0.17820552256874445,
        0.18782088846296588,
        0.39725361255061814,
        0.21238809107548734,
        0.20165585589508792,
        0.21159928906313247,
        0.23162726883243037,
        0.26650890114217884,
        0.20994187763581787,
        0.28608753895788397,
        0.32880807142536844,
        0.2804416432217961,
        0.2848084396256303,
        0.19144036272195372,
        0.2774331873664645,
        0.28963436878274584,
        0.25508372007784486,
        0.2846012281670399,
        0.23783282714518475,
        0.24987586545095428,
        0.18457818490434702,
        0.32976641122715405,
        0.27244657398217553,
        0.2952503394568872,
        0.2130834807846985,
        0.3163598529448888
      ],
      "per_sequence_ce": [
        0.3200123929849791,
        0.2919050491828885,
        0.37650568207458557,
        0.3099568571951413,
        0.39027424831012336,
        0.35479542832062755,
        0.280519955067171,
        0.2788398861259878,
        0.34691422879350964,
        0.31970194227027676,
        0.2795898249260736,
        0.4281627970437209,
        0.17290990712138374,
        0.28622598356688056,
        0.45166474972911935,
        0.36745163501688727,
        0.46945374093397896,
        0.26661169353044695,
        0.2958286875444982,
        0.3095223418333465,
        0.39098820216194896,
        0.27844305844229417,
        0.4172512425144237,
        0.326423592020378,
        0.4565408583644226,
        0.3171109740441251,
        0.41276825942030104,
        0.2763213944854215,
        0.3878000059544488,
        0.34846933375768085,
        0.2893153842435115,
        0.27217456532310247,
        0.2973335958603356,
        0.2924088433221052,
        0.21902473552014542,
        0.21756172413868757,
        0.5145015572176177,
        0.26920013174552604,
        0.2940025770415862,
        0.25779582926231714,
        0.27253130439634404,
        0.32246734992454384,
        0.23482371102673585,
        0.3623983076034131,
        0.49644249731446277,
        0.3261050206126162,
        0.3662385903988723,
        0.24966893957375932,
        0.32976440907266263,
        0.39029025317480165,
        0.3197060156510108,
        0.35305408907502334,
        0.25025077805750906,
        0.31241037220159473,
        0.21044603514234983,
        0.42278651981097126,
        0.35594498021183196,
        0.3801556314919489,
        0.2432866613423728,
        0.41624610574433096
      ]
    },
    "SARC-no-drift": {
      "mae": 0.29457895492076097,
      "rmse": 0.3680430200176158,
      "action_cost": 0.3188330426877656,
      "spec_violation_rate": 0.0061403508771929825,
      "n_transitions": 1140,
      "n_sequences": 60,
      "per_sequence_mae": [
        0.3030447951512258,
        0.2837649102670763,
        0.298704100600236,
        0.2809786694865696,
        0.3062024454747069,
        0.4022107597367341,
        0.23686898643963558,
        0.21509604718658895,
        0.32582883875282487,
        0.2695834248925318,
        0.27609370985747234,
        0.42291544367970946,
        0.2014169172815522,
        0.2626880281433233,
        0.39292669494544824,
        0.36126519630049053,
        0.3679617157515048,
        0.2167690323046834,
        0.27385108811480674,
        0.31049041090247903,
        0.21869959129311545,
        0.2790954037607306,
        0.3137810636624293,
        0.35084457142858505,
        0.42205055615357345,
        0.3336165826916855,
        0.35218485781838377,
        0.2810326031370737,
        0.3849328189398261,
        0.2766317176474972,
        0.23178747566339408,
        0.30317668985557783,
        0.2267195928342672,
        0.24395805461463704,
        0.27526138190238053,
        0.21451720935576818,
        0.3895123856775241,
        0.2600733630085423,
        0.25534629945058146,
        0.26419400746762195,
        0.26833084884486075,
        0.2649852966852062,
        0.25305325203069345,
        0.302923626537089,
        0.29186787083534005,
        0.3354401662566828,
        0.3206967454935003,
        0.17063905589593284,
        0.24136141871057293,
        0.34956581381031215,
        0.2384036703459623,
        0.39344036829776613,
        0.24299005034767196,
        0.26843221764997316,
        0.21852826870383263,
        0.4776906229466323,
        0.273001768500952,
        0.34525390252002774,
        0.22243841732537337,
        0.30961647187448277
      ],
      "per_sequence_ce": [
        0.3493611443425632,
        0.2958194049489167,
        0.2572877656461464,
        0.32307938741050074,
        0.34849404054478295,
        0.38735438783273657,
        0.2540562073872597,
        0.27469769158159146,
        0.4038094674340553,
        0.3232134491101735,
        0.253589876530761,
        0.41963585072921383,
        0.2336732984404079,
        0.2732202038341374,
        0.40780312323045953,
        0.3491133188794332,
        0.38392283605342664,
        0.23036898656411925,
        0.33527222858241723,
        0.3409996636495365,
        0.2679347459548067,
        0.29073479317163153,
        0.33203201996123727,
        0.32055119024072254,
        0.4238126516100709,
        0.34532196738722704,
        0.38478353256100994,
        0.2565882419477459,
        0.3870502771050841,
        0.3034109108072395,
        0.2955859498189832,
        0.3325101685261836,
        0.2707816264764578,
        0.2694092128356849,
        0.3175587164996951,
        0.27679061071291844,
        0.4304349732205824,
        0.32375204404471103,
        0.2788831541504435,
        0.271940034719322,
        0.3032473134808243,
        0.30652953070346955,
        0.2982342957725955,
        0.2871776321833884,
        0.33348723958004955,
        0.320566238432312,
        0.3495637312266303,
        0.24923020830546092,
        0.27518299582448824,
        0.28848488073520084,
        0.2777735313952521,
        0.43012362300780504,
        0.28032297910949977,
        0.25124833116273365,
        0.29834965251696605,
        0.4795082937581119,
        0.25949085131287575,
        0.364521168862228,
        0.3145933786786541,
        0.3377075307329909
      ]
    },
    "BC": {
      "mae": 0.34840433938072685,
      "rmse": 0.4380588449584293,
      "action_cost": 0.33269300845471506,
      "spec_violation_rate": 0.02280701754385965,
      "n_transitions": 1140,
      "n_sequences": 60,