{
  "dataset": "CMP Simulator (Preston eq., drift_scale=1.0)",
  "tag": "sim_medium_cql1.0_s7777",
  "seed": 7777,
  "n_test_sequences": 60,
  "dynamics_model": "CMPSimulator (Preston eq. ground truth)",
  "methods": {
    "SARC": {
      "mae": 0.3293366418894243,
      "rmse": 0.41359419240742307,
      "action_cost": 0.2987738221166149,
      "spec_violation_rate": 0.014035087719298246,
      "n_transitions": 1140,
      "n_sequences": 60,
      "per_sequence_mae": [
        0.2562752556929171,
        0.28375172541413934,
        0.4344941671547453,
        0.3238406845115774,
        0.35749361570668686,
        0.3850820849675608,
        0.3244715994504837,
        0.21568642070438399,
        0.3734923355646144,
        0.4074932172107105,
        0.2507756502670434,
        0.36911362615341803,
        0.21921943737553581,
        0.2765904603720571,
        0.356695885920892,
        0.30583679518623597,
        0.46980194305709383,
        0.28455701308872267,
        0.3283794885562872,
        0.33151312381364556,
        0.2771258925084935,
        0.29156133969709375,
        0.2798768203656685,
        0.2888971324130926,
        0.4413531202645063,
        0.32638099489349964,
        0.34671690653474335,
        0.313190854924013,
        0.37362887228723485,
        0.3888638123720242,
        0.30898648444123306,
        0.3389424800112147,
        0.36102469891171163,
        0.3885906033302204,
        0.24281998819770378,
        0.30479944718080054,
        0.4436169725274214,
        0.3357736280381087,
        0.23835345412674055,
        0.2365325307534054,
        0.3170840116681094,
        0.2807770965271481,
        0.2685492178412666,
        0.35271454052198964,
        0.375689270465541,
        0.3448109043503179,
        0.3346081177523517,
        0.24808413857101944,
        0.4120274979940888,
        0.40327308847364973,
        0.34576084257634637,
        0.3419474062829806,
        0.3124977910240108,
        0.3278513075625708,
        0.2785113553725828,
        0.39368225808588414,
        0.36202881321291625,
        0.33281426865539215,
        0.28934471515416893,
        0.3565413073254416
      ],
      "per_sequence_ce": [
        0.2832164530538851,
        0.24816013700156303,
        0.2966718867041722,
        0.23190866020309775,
        0.34826683349631454,
        0.33986353696565386,
        0.2542936031672138,
        0.26769862802164557,
        0.3388698112103157,
        0.319431402961965,
        0.21597216219675763,
        0.35306694896684754,
        0.1977648573703374,
        0.21852590783533676,
        0.38251989063940495,
        0.2899085030787521,
        0.4945246393067969,
        0.28206607192340827,
        0.24446967810918407,
        0.33439284912580025,
        0.35823665308783315,
        0.2674904888349206,
        0.2969210834708065,
        0.3043573608242527,
        0.4840100502371097,
        0.20600921177753695,
        0.361855055446978,
        0.27563344232772513,
        0.29736913559975586,
        0.33248982913102265,
        0.2623036751454627,
        0.22059754868624384,
        0.5357656122349134,
        0.3890828210860491,
        0.19726550822249717,
        0.23118328723918508,
        0.45772052969766297,
        0.2860018238425255,
        0.2061843064147979,
        0.25588063959515206,
        0.23862129291174586,
        0.2867447016415773,
        0.2441976758030554,
        0.43809783106876743,
        0.3020250432492941,
        0.24325604083154484,
        0.3282592490453411,
        0.19644857329074983,
        0.3290908738401615,
        0.2470525542136143,
        0.22289039567112928,
        0.3165302876796987,
        0.2028657546583822,
        0.2751576407226148,
        0.16796938619679877,
        0.47816657162857834,
        0.35678154183551664,
        0.304459612885559,
        0.25870101497922504,
        0.32116276060265525
      ]
    },
    "SARC-no-drift": {
      "mae": 0.3867973635245892,
      "rmse": 0.47576871629532325,
      "action_cost": 0.38715902079512254,
      "spec_violation_rate": 0.027192982456140352,
      "n_transitions": 1140,
      "n_sequences": 60,
      "per_sequence_mae": [
        0.3684450252760143,
        0.322888030060784,
        0.4728534764515134,
        0.37380392370309934,
        0.3462347797193363,
        0.5395102841059092,
        0.3856094692337861,
        0.3389065839463934,
        0.38775034699735106,
        0.35558261728621526,
        0.29788246165321247,
        0.4852875126166345,
        0.17349411008722457,
        0.35125528970055,
        0.5478962902537791,
        0.4475774397245581,
        0.5032531271094131,
        0.3585485322427703,
        0.39697711372764277,
        0.3258058956816587,
        0.43138289319966394,
        0.4027830824531515,
        0.5475327390021365,
        0.38775943418308995,
        0.5261092028913619,
        0.3644794737563119,
        0.4956703791331211,
        0.40039836163071785,
        0.5196662620063514,
        0.38495022897848796,
        0.26720193455029345,
        0.31221066864831853,
        0.46716412313029715,
        0.3186523397998776,
        0.33521896140534513,
        0.25590748751645254,
        0.4480376603694019,
        0.23577137218763114,
        0.31482355253058636,
        0.33385081975331415,
        0.3126253183028059,
        0.3031062111332881,
        0.28534790728924425,
        0.36550581019440204,
        0.41900419725294885,
        0.5065625018100866,
        0.37233419041096516,
        0.291743047460686,
        0.35617593080979887,
        0.5511482839217963,
        0.3251004342735618,
        0.4680601394687722,
        0.35217821180695097,
        0.39753280134475294,
        0.3073109746521404,
        0.4561436106596557,
        0.4716106963537365,
        0.34528808939421746,
        0.2782211202551712,
        0.5137090479766153
      ],
      "per_sequence_ce": [
        0.4050269766799087,
        0.3099969215346155,
        0.4570277103360881,
        0.31573031266668333,
        0.35929884668439627,
        0.48629058545662296,
        0.3358116509938285,
        0.41566319010625763,
        0.43320139119384327,
        0.4136418378739445,
        0.2503616697396393,
        0.5222489945245562,
        0.24213666329160333,
        0.3100595598591974,
        0.607753061508346,
        0.47060390882176795,
        0.5612957869932331,
        0.40933900456703093,
        0.40765100684775796,
        0.41384053111283314,
        0.5496065532131104,
        0.39600137318484485,
        0.6410500857961812,
        0.3694139500579762,
        0.5540786533017159,
        0.24372311103312919,
        0.46367776770299923,
        0.4257001121252499,
        0.3694045587477308,
        0.3408209407633101,
        0.3276840733295238,
        0.22374515570872638,
        0.5042783898491137,
        0.3051735370557893,
        0.31116703745943525,
        0.2525709497017992,
        0.4698195272573718,
        0.27651431909934787,
        0.3607959394101743,
        0.3055213634269657,
        0.3139233641904193,
        0.37675127154216176,
        0.3235234806348604,
        0.46909849509527834,
        0.42545813391054116,
        0.3899303616748916,
        0.37562876891482755,
        0.2784013881292022,
        0.37218616035318486,
        0.34106998059346716,
        0.27723073142287497,
        0.45110057171917073,
        0.2949958311833648,
        0.28144525740019705,
        0.2845443908677057,
        0.49868514290493404,
        0.4847966653674288,
        0.335802624767422,
        0.24792154593375956,
        0.5893200720850102
      ]
    },
    "BC": {
      "mae": 0.41302247193459735,
      "rmse": 0.5035410606415869,
      "action_cost": 0.28603603799292393,
      "spec_violation_rate": 0.04473684210526316,
      "n_transitions": 1140,
      "n_sequences": 60,