{
  "dataset": "CMP Simulator (Preston eq., drift_scale=1.0)",
  "tag": "sim_medium_cql1.0_s2024",
  "seed": 2024,
  "n_test_sequences": 60,
  "dynamics_model": "CMPSimulator (Preston eq. ground truth)",
  "methods": {
    "SARC": {
      "mae": 0.3260458032575649,
      "rmse": 0.4062904009108934,
      "action_cost": 0.36045239811892876,
      "spec_violation_rate": 0.013157894736842105,
      "n_transitions": 1140,
      "n_sequences": 60,
      "per_sequence_mae": [
        0.2760439914122998,
        0.3095585287691489,
        0.39811449607184235,
        0.3035522456102699,
        0.3274777175417646,
        0.3900515146983339,
        0.3706701055914616,
        0.2643233512833046,
        0.346771904345194,
        0.3656804275296238,
        0.23759780599062266,
        0.38643555055310724,
        0.1914468609767316,
        0.27596845517470525,
        0.4106632411489253,
        0.324256253342659,
        0.4408012830836867,
        0.29005684833511325,
        0.33791698967412975,
        0.3397164051227967,
        0.36039591772057666,
        0.29732148190913066,
        0.27771288791162985,
        0.32683005422284583,
        0.39039928721216116,
        0.28596627785813733,
        0.36940715272822827,
        0.2830557069063014,
        0.43101432830737313,
        0.32817475627678333,
        0.3378605205963523,
        0.2929303904475103,
        0.2938839297656971,
        0.303085954586458,
        0.22504065394511863,
        0.25791619793003023,
        0.4307859773528656,
        0.29854952233855886,
        0.26103323251422744,
        0.26900964490123824,
        0.34408186874018637,
        0.2997565915735358,
        0.2292351953249226,
        0.35471483655779623,
        0.4041462949469957,
        0.4010632556502764,
        0.3403681177994734,
        0.24883277940367918,
        0.3492050751177317,
        0.472688947215712,
        0.2802723663463401,
        0.37456276675607536,
        0.29914862226388533,
        0.37866281984805966,
        0.23253802813571997,
        0.42099348276735415,
        0.350745966078109,
        0.2937153682369054,
        0.27859243188270466,
        0.3019455291214845
      ],
      "per_sequence_ce": [
        0.44185567144692567,
        0.26070585395037027,
        0.40532057260646037,
        0.22467458144658142,
        0.40074057666653834,
        0.3655073153958828,
        0.3070340719099881,
        0.39030053177676,
        0.3238854979216639,
        0.38658627926337497,
        0.26376342790684215,
        0.41394763483010505,
        0.27821393990113086,
        0.35413272379621585,
        0.5008604819196517,
        0.3287233925527996,
        0.5402496775732962,
        0.28375334534104224,
        0.28290292000639494,
        0.4706518258468282,
        0.5036662572636958,
        0.32139110361674317,
        0.40750811514617113,
        0.41723538555325596,
        0.4457671488699917,
        0.21821381139603477,
        0.4080867059981554,
        0.293281547908447,
        0.35411572993595014,
        0.3193455775682297,
        0.4557710795283869,
        0.26974929353498195,
        0.4078193957382744,
        0.34117252333952053,
        0.2735520657669339,
        0.28654563712404557,
        0.495117665613415,
        0.3474148634338269,
        0.3269477611476625,
        0.3542201648427484,
        0.41459601824344305,
        0.38842046595851165,
        0.25115310714614614,
        0.518817997985968,
        0.4245891108832977,
        0.29203260050120733,
        0.39944936795574093,
        0.23861302283627017,
        0.35336614347761497,
        0.2602891954420893,
        0.2758816450368613,
        0.3894441153474704,
        0.23347555111265839,
        0.2907805145476703,
        0.31417467467555843,
        0.5596551321354194,
        0.434418079535977,
        0.36807076829589075,
        0.3567357375631454,
        0.39244848306946184
      ]
    },
    "SARC-no-drift": {
      "mae": 0.3576794054099916,
      "rmse": 0.4452386407773178,
      "action_cost": 0.33666934204710186,
      "spec_violation_rate": 0.021929824561403508,
      "n_transitions": 1140,
      "n_sequences": 60,
      "per_sequence_mae": [
        0.26773032517166406,
        0.32524286768699057,
        0.4674560802831357,
        0.3797508138264818,
        0.3251663262006678,
        0.4594728076039843,
        0.3936661653949349,
        0.24345934988482812,
        0.36359368631578437,
        0.3555291622059463,
        0.27015009133616247,
        0.47578263694821143,
        0.20539240647825535,
        0.2903663541270687,
        0.496351623728284,
        0.3726931018190876,
        0.466527508093039,
        0.3178981687568369,
        0.39931814403427013,
        0.3242131767842085,
        0.3110606297397565,
        0.3753246974515236,
        0.3379663809729911,
        0.3248511662415015,
        0.5111911403611261,
        0.3522214597414533,
        0.41008794732430803,
        0.373579564688749,
        0.48434475083430945,
        0.3709198474555505,
        0.2835979174570555,
        0.3644805623740334,
        0.348079566882235,
        0.29914796999657756,
        0.2931636772401129,
        0.26430741935900864,
        0.4555212422834015,
        0.23630222914004173,
        0.2739978831248008,
        0.2955109076220041,
        0.2835058987261147,
        0.29416996599698525,
        0.23242639074706462,
        0.34797066245597646,
        0.3667176679277385,
        0.4886047971251031,
        0.38284382005935963,
        0.3077925356647075,
        0.3647925560693731,
        0.5153190920449552,
        0.3101996554334077,
        0.47989831595385685,
        0.334949878453692,
        0.4121142541834926,
        0.27966261127130493,
        0.45847906940234173,
        0.3987265831956003,
        0.3217384224934888,
        0.2632674122783271,
        0.45216697814622436
      ],
      "per_sequence_ce": [
        0.28813465981295816,
        0.2663623100422598,
        0.4312734845335837,
        0.2902917310905953,
        0.3182851535578568,
        0.3717610786358515,
        0.33548397764011667,
        0.2661944802039889,
        0.3792775839360224,
        0.36565737852274816,
        0.21779308704383396,
        0.472236459557381,
        0.2564251776784658,
        0.2558967227254201,
        0.515091922013434,
        0.3469259359693819,
        0.4938523513523654,
        0.3314100790216967,
        0.36732334786750104,
        0.3484663764075204,
        0.41078895840500645,
        0.38810999365954624,
        0.38664340287343496,
        0.331240094051248,
        0.5123103338949107,
        0.24228808915035593,
        0.3626326388093057,
        0.3935800374623526,
        0.34366141575285125,
        0.30376713948876216,
        0.2799614833547148,
        0.28337043237493,
        0.33880907900769397,
        0.31930662141422983,
        0.271090555522177,
        0.2665076532608105,
        0.4453651336953044,
        0.2810682662012469,
        0.2510009227079098,
        0.2707517073593206,
        0.2909416400879207,
        0.31974947170561385,
        0.2618002495900901,
        0.44090993600440453,
        0.3634665720423477,
        0.34227688537255196,
        0.35955459450337074,
        0.22004807654216335,
        0.3740292116482225,
        0.28179784512354267,
        0.2517311198429929,
        0.41737148979747735,
        0.23279057788076227,
        0.25736296321782803,
        0.22462271999231437,
        0.5230826521464795,
        0.39349820399311963,
        0.3133688626090858,
        0.24770534253804255,
        0.48365485212869114
      ]
    },
    "BC": {
      "mae": 0.438405356622574,
      "rmse": 0.5317543738002047,
      "action_cost": 0.31160528506975144,
      "spec_violation_rate": 0.05087719298245614,
      "n_transitions": 1140,
      "n_sequences": 60,