{
  "dataset": "CMP Simulator (Preston eq., drift_scale=1.0)",
  "tag": "sim_medium_cql1.0_s123",
  "seed": 123,
  "n_test_sequences": 60,
  "dynamics_model": "CMPSimulator (Preston eq. ground truth)",
  "methods": {
    "SARC": {
      "mae": 0.34361674924486246,
      "rmse": 0.42902351777235914,
      "action_cost": 0.3051242085919153,
      "spec_violation_rate": 0.021052631578947368,
      "n_transitions": 1140,
      "n_sequences": 60,
      "per_sequence_mae": [
        0.25570692215154994,
        0.31889953127502835,
        0.4918047819645724,
        0.35560269034404035,
        0.3271064598706478,
        0.4170932003682291,
        0.39231726883913404,
        0.25705841696102993,
        0.3254847966480698,
        0.32991139402503145,
        0.26128284222976833,
        0.41178598825123924,
        0.23864406506004868,
        0.27538181270910056,
        0.412312913847926,
        0.3322066004444324,
        0.4292979205857752,
        0.30694526051644994,
        0.3243925317176406,
        0.3453052097403086,
        0.34116431617939597,
        0.27615465045741916,
        0.2827843875570799,
        0.33207081630906715,
        0.42364292282267124,
        0.33932932655394277,
        0.39187818252581597,
        0.4305777427782658,
        0.4848876005073052,
        0.33956374430865854,
        0.32159763987559226,
        0.33969525096649944,
        0.30558070897534584,
        0.25627092164670884,
        0.24264721972179684,
        0.250721026416478,
        0.3781046010331311,
        0.36586204975271236,
        0.27830686834168733,
        0.28488409115327684,
        0.2962753785223434,
        0.2832761171491956,
        0.2290456715986477,
        0.4566695771950673,
        0.3687830221451691,
        0.45818300706767745,
        0.3389285769624999,
        0.2890665939086679,
        0.4065085395618697,
        0.5012261790163602,
        0.30612719188982696,
        0.4190433607477601,
        0.36134446289473915,
        0.4113463418590812,
        0.3147170738224336,
        0.40802689368129924,
        0.38230851175564223,
        0.3149197304643307,
        0.267447749692191,
        0.32949629932407026
      ],
      "per_sequence_ce": [
        0.2661469003047656,
        0.21195626385613453,
        0.404236272160671,
        0.215880294520132,
        0.3606320846010931,
        0.30426939328511554,
        0.2637593183252547,
        0.2939967119773091,
        0.28623834116970776,
        0.3449626740723572,
        0.21398357936629545,
        0.3616793194302806,
        0.2656433337919966,
        0.22388146825876365,
        0.42517412078773814,
        0.2881472767848107,
        0.45963888570528344,
        0.2417890912749701,
        0.23663891855351352,
        0.38386427017825614,
        0.4008276525850374,
        0.2511520687430338,
        0.3244077113965802,
        0.29815646087216147,
        0.43377159973951396,
        0.1824525927917825,
        0.3645053486236268,
        0.43379456770640834,
        0.3207191478954714,
        0.25793015718874,
        0.34287900784639297,
        0.25555554811877235,
        0.27738523027100775,
        0.26457120238423903,
        0.21305919842604826,
        0.22321153464899574,
        0.3199234651487872,
        0.3954457519640629,
        0.25575216745750773,
        0.2534604782790498,
        0.27651087274016056,
        0.31135547226639804,
        0.21647483129399242,
        0.5866827377359625,
        0.2922628407056133,
        0.2560989278178938,
        0.29794431704363816,
        0.20185583605672475,
        0.42385514692163,
        0.21544457580549298,
        0.25091986506487485,
        0.32354104187753463,
        0.23358882425559888,
        0.2110933313529973,
        0.36827348345994126,
        0.4726660421066399,
        0.3346838172421687,
        0.2873391993602531,
        0.2594942436898472,
        0.3658876982258839
      ]
    },
    "SARC-no-drift": {
      "mae": 0.36408908496317505,
      "rmse": 0.4513634861257736,
      "action_cost": 0.4712463541052223,
      "spec_violation_rate": 0.02543859649122807,
      "n_transitions": 1140,
      "n_sequences": 60,
      "per_sequence_mae": [
        0.2753257469004119,
        0.37351971694820135,
        0.4542065992266712,
        0.35140899362314226,
        0.2888206103481911,
        0.44355615240622087,
        0.34436017978664896,
        0.24017641414904575,
        0.3759951004911905,
        0.35507270945340713,
        0.2665683975856832,
        0.5091758169626389,
        0.2392306373513994,
        0.3045136525245865,
        0.49877325665001987,
        0.37780833575516976,
        0.5278894674730893,
        0.32898590235334557,
        0.41122824513282713,
        0.376041155888127,
        0.398367746300001,
        0.3314629193087096,
        0.4098471586375976,
        0.3421569711826729,
        0.5121634940394817,
        0.3373891193367528,
        0.4601120431725394,
        0.3481015817920861,
        0.42781587464804155,
        0.38795403310572596,
        0.2623452979999941,
        0.4154228339328296,
        0.3700845422916696,
        0.31418782324279204,
        0.24981323667010097,
        0.2264158390333112,
        0.5007792065487072,
        0.3021750666476861,
        0.2830608920451995,
        0.31613361250385097,
        0.2710186135681932,
        0.3450223831179818,
        0.2777712912552652,
        0.36340690954208965,
        0.4051318144308954,
        0.4044183358501254,
        0.3694260434876611,
        0.2790366809997951,
        0.3982670692171685,
        0.45647162879947983,
        0.34279460561906205,
        0.47439888839516864,
        0.3125266190569826,
        0.42307984251175973,
        0.2546638409801346,
        0.475875828176412,
        0.4051071257310311,
        0.34147278583356355,
        0.2539424661189213,
        0.4530659416490452
      ],
      "per_sequence_ce": [
        0.4922160172783252,
        0.4903964074328542,
        0.49468712917425556,
        0.37323513061360075,
        0.35886419085026894,
        0.5066609045456129,
        0.41351514117128246,
        0.4338867817832916,
        0.4890705995537616,
        0.5254028706500926,
        0.35059661379394425,
        0.6317970368416153,
        0.4223650539707806,
        0.40111364004271177,
        0.6361139575364412,
        0.49749568043518116,
        0.6690832649495592,
        0.45510151706791174,
        0.5192000566015919,
        0.5476318095375232,
        0.6326600277313479,
        0.500914909756156,
        0.6380081765107914,
        0.48324096854830034,
        0.6544379051171105,
        0.32827238971367473,
        0.5670980896662783,
        0.4746424216794333,
        0.44933712422951216,
        0.42073001367626367,
        0.36839987908455507,
        0.4859687384148991,
        0.550099614242316,
        0.42750476761203676,
        0.3324650127410509,
        0.3934411160535765,
        0.6125906321039011,
        0.44947848540161633,
        0.380275579807521,
        0.45306759422507004,
        0.3900676048102064,
        0.525615147097226,
        0.4079771106609972,
        0.5609793772584655,
        0.5363901335933607,
        0.4166725002729368,
        0.4520318298859315,
        0.3422001044964418,
        0.4948688848828034,
        0.3152829744611625,
        0.3778183642533366,
        0.587327238637954,
        0.3148082386243105,
        0.42635433233550024,
        0.2523552522406034,
        0.65971642164341,
        0.5144845850989912,
        0.42228139013362426,
        0.38177011198260713,
        0.5847123937974512
      ]
    },
    "BC": {
      "mae": 0.3603489420150256,
      "rmse": 0.44751582876124607,
      "action_cost": 0.27350245496426295,
      "spec_violation_rate": 0.02017543859649123,
      "n_transitions": 1140,
      "n_sequences": 60,