{
  "dataset": "CMP Simulator (Preston eq., drift_scale=0.4)",
  "tag": "sim_mild_cql1.0_s123",
  "seed": 123,
  "n_test_sequences": 60,
  "dynamics_model": "CMPSimulator (Preston eq. ground truth)",
  "methods": {
    "SARC": {
      "mae": 0.263890923345951,
      "rmse": 0.33138475050488203,
      "action_cost": 0.30673982947385714,
      "spec_violation_rate": 0.0,
      "n_transitions": 1140,
      "n_sequences": 60,
      "per_sequence_mae": [
        0.21637367215173248,
        0.2205442444005911,
        0.3365007795403282,
        0.25959962246986357,
        0.3076130325592629,
        0.3254935603021061,
        0.2487944281643997,
        0.21551959269301083,
        0.29423478422178506,
        0.27330618100910736,
        0.19994923937252648,
        0.37687295937217496,
        0.1500010660019,
        0.20068787998060897,
        0.29994273320298304,
        0.28663977553915954,
        0.35263861935640756,
        0.2383321375829958,
        0.2874451850340936,
        0.24445807983026197,
        0.24128340883136665,
        0.22588927771532163,
        0.2552387779564957,
        0.29134602656055375,
        0.3594387030989388,
        0.26515544750717995,
        0.30701138220122953,
        0.2584995909853986,
        0.3234055106206712,
        0.27090743264067724,
        0.2606114408173934,
        0.2905141185121489,
        0.24697444494251694,
        0.26739333642890706,
        0.19163776364396137,
        0.1872964249200095,
        0.3483113873904534,
        0.2470538228083991,
        0.18859365910082915,
        0.19683781228258723,
        0.24682880969002124,
        0.252343666386646,
        0.21015702781985618,
        0.29484721089999216,
        0.29077304177669955,
        0.27341737045558145,
        0.2713950711234918,
        0.1949708226820122,
        0.27761229462842213,
        0.3280501065472978,
        0.25882803712314323,
        0.28673195575208954,
        0.2564773519230618,
        0.26949383897474366,
        0.22247727648244692,
        0.31451751648474147,
        0.2590009018683849,
        0.30264729238268306,
        0.17240206827116447,
        0.29213639773424227
      ],
      "per_sequence_ce": [
        0.2807961637326689,
        0.2412766545786764,
        0.30687415845157506,
        0.28457591937816085,
        0.37777694633782466,
        0.32955481227987476,
        0.2682682963355479,
        0.30282583881031583,
        0.33357797504868364,
        0.30165568934063663,
        0.23377597184541324,
        0.4404505253489199,
        0.16929448446414122,
        0.22476647588148438,
        0.37052540073205753,
        0.313546114264884,
        0.48863528456745864,
        0.26613561582268663,
        0.27538373237648217,
        0.33899448902121987,
        0.37930753833993713,
        0.2651164814122711,
        0.3770144982867081,
        0.32286235059533896,
        0.4301154133260112,
        0.31926457590802954,
        0.39365366163353127,
        0.2851986959576607,
        0.36063588157089227,
        0.271155115665385,
        0.320787161761136,
        0.27856326809894566,
        0.27885411607308513,
        0.2634273327852565,
        0.20803489442914722,
        0.21075930758551864,
        0.43286004400363676,
        0.3147552794673377,
        0.2710598784550611,
        0.23402511037959442,
        0.25930797684661766,
        0.2876821204295589,
        0.21581796629147398,
        0.33436876763072276,
        0.36760038547907714,
        0.3100068694049562,
        0.3484584473987558,
        0.22217612494542094,
        0.28911378700286156,
        0.2833712019923108,
        0.2545943924536307,
        0.34154600466394586,
        0.2745513491056583,
        0.2548332184863587,
        0.2855526067346713,
        0.4145152755469705,
        0.3364890537880085,
        0.331936324547752,
        0.28088184362234275,
        0.34544489770713777
      ]
    },
    "SARC-no-drift": {
      "mae": 0.304389786462045,
      "rmse": 0.38131427224149617,
      "action_cost": 0.34488606299127256,
      "spec_violation_rate": 0.008771929824561403,
      "n_transitions": 1140,
      "n_sequences": 60,
      "per_sequence_mae": [
        0.28809225277918066,
        0.31617041967226134,
        0.39311187956538635,
        0.2808562667846374,
        0.303304857969227,
        0.4417983398110721,
        0.261438019396066,
        0.2681308856102952,
        0.2996249782425332,
        0.3552347956864425,
        0.21501380302515505,
        0.3686513170715257,
        0.22950427270108206,
        0.2696821318375677,
        0.277215685379152,
        0.325823265334591,
        0.32744313725898716,
        0.28601089427808724,
        0.30997091292633955,
        0.2581858238575874,
        0.2544954859049259,
        0.2224419246787591,
        0.2654131696611984,
        0.29045633256353953,
        0.3467403494199094,
        0.3753595874947092,
        0.3765590274016934,
        0.30966449902111737,
        0.4828340377001876,
        0.339011610025052,
        0.23639444059597917,
        0.36410521610217594,
        0.3291031877650267,
        0.30830825684628455,
        0.2039635940005037,
        0.17454096848939518,
        0.42549664420746763,
        0.26099261679932534,
        0.25640950167909954,
        0.2676393986409709,
        0.33619871049499145,
        0.22615418321413952,
        0.1626678282763392,
        0.26318518420517417,
        0.34457821608107037,
        0.4031278217778028,
        0.2652971035570674,
        0.20397786143139482,
        0.37908131434682324,
        0.33643603618073525,
        0.26426930991410036,
        0.36934804870388777,
        0.3353396153818343,
        0.36317296064358845,
        0.2658607658958903,
        0.4224581737116927,
        0.3088456266244576,
        0.31165018720907944,
        0.2181022167656171,
        0.31844223512251496
      ],
      "per_sequence_ce": [
        0.32074731678262147,
        0.30854719908287126,
        0.3426664334579578,
        0.3360111341742729,
        0.34797276666870824,
        0.4545523302146682,
        0.3149976955157601,
        0.3347331140776751,
        0.29853221374839817,
        0.3349229405047717,
        0.34914954659729525,
        0.3607732434972638,
        0.38384008718464796,
        0.3312806618244697,
        0.3087759043210772,
        0.37087158090003797,
        0.36485127143182416,
        0.3603622957814002,
        0.2790530456437005,
        0.40090695628896356,
        0.3406920457362301,
        0.30837561569286565,
        0.32939307773658244,
        0.3283469842367426,
        0.34701667856252577,
        0.39413426774855775,
        0.3809583823765731,
        0.36995961067818656,
        0.4623141422246893,
        0.34456652716768005,
        0.36463293944123304,
        0.4013528468397756,
        0.34265641940550673,
        0.3208372136405497,
        0.27035443611546517,
        0.3181695252898391,
        0.41324666603813287,
        0.30296510956422595,
        0.31496202397048134,
        0.346942054487213,
        0.4090787902457157,
        0.33025601269090893,
        0.2512012652069744,
        0.2390696269856697,
        0.3538576183022492,
        0.39372787985916213,
        0.356703553935168,
        0.29886858506317904,
        0.36191729118150695,
        0.31754392403591836,
        0.27686459866473107,
        0.3988560343471666,
        0.31790320064734534,
        0.3348880032017068,
        0.31881624854092183,
        0.45524832044072716,
        0.3388441902093796,
        0.3814080779061274,
        0.30703916588660196,
        0.34564708747374995
      ]
    },
    "BC": {
      "mae": 0.3335511514966712,
      "rmse": 0.4180045751499074,
      "action_cost": 0.33634528010159465,
      "spec_violation_rate": 0.014912280701754385,
      "n_transitions": 1140,
      "n_sequences": 60,