{
  "E4 NU cmp2": {
    "NU|D-EWMA": {
      "delta": -0.020410458360321987,
      "p_raw": 2.269773465793488e-05,
      "p_holm": 2.269773465793488e-05,
      "sig": "***"
    },
    "NU|Kalman": {
      "delta": -0.032919141178914056,
      "p_raw": 8.701861302190389e-07,
      "p_holm": 1.7403722604380779e-06,
      "sig": "***"
    }
  }
}