{
  "E1 matched(\u00b11) cmp2": {
    "MAE|D-EWMA": {
      "delta": -0.06975595061099944,
      "p_raw": 9.313696123076815e-07,
      "p_holm": 1.862739224615363e-06,
      "sig": "***"
    },
    "MAE|Kalman": {
      "delta": -0.05459485482218846,
      "p_raw": 3.32764504533456e-05,
      "p_holm": 3.32764504533456e-05,
      "sig": "***"
    },
    "CE|D-EWMA": {
      "delta": -0.1624736624305676,
      "p_raw": 7.703518367761584e-16,
      "p_holm": 1.5407036735523169e-15,
      "sig": "***"
    },
    "CE|Kalman": {
      "delta": -0.18965723295270445,
      "p_raw": 1.0323206271674834e-12,
      "p_holm": 1.0323206271674834e-12,
      "sig": "***"
    }
  },
  "E1 matched(\u00b11) cmp1": {
    "MAE|D-EWMA": {
      "delta": -0.005164756282195807,
      "p_raw": 3.277057637236908e-08,
      "p_holm": 6.554115274473815e-08,
      "sig": "***"
    },
    "MAE|Kalman": {
      "delta": -0.005330796719680779,
      "p_raw": 1.6113081799739962e-05,
      "p_holm": 1.6113081799739962e-05,
      "sig": "***"
    },
    "CE|D-EWMA": {
      "delta": -0.5790161351064138,
      "p_raw": 2.727156488306945e-20,
      "p_holm": 2.727156488306945e-20,
      "sig": "***"
    },
    "CE|Kalman": {
      "delta": -0.8591686141367001,
      "p_raw": 3.0715121850163683e-22,
      "p_holm": 6.143024370032737e-22,
      "sig": "***"
    }
  },
  "E1 matched(\u00b11) sim_mild": {
    "MAE|D-EWMA": {
      "delta": -0.09532722245153853,
      "p_raw": 1.7812163191709578e-10,
      "p_holm": 1.7812163191709578e-10,
      "sig": "***"
    },
    "MAE|Kalman": {
      "delta": -0.052951680246639383,
      "p_raw": 1.819456954256536e-11,
      "p_holm": 3.638913908513072e-11,
      "sig": "***"
    },
    "CE|D-EWMA": {
      "delta": 0.16993413494568138,
      "p_raw": 0.9999999999835316,
      "p_holm": 1.0,
      "sig": "ns"
    },
    "CE|Kalman": {
      "delta": 0.18083952058457034,
      "p_raw": 0.9999999999918522,
      "p_holm": 1.0,
      "sig": "ns"
    }
  },
  "E1 matched(\u00b11) sim_medium": {
    "MAE|D-EWMA": {
      "delta": -0.2655867048749402,
      "p_raw": 8.570746990858083e-12,
      "p_holm": 1.7141493981716166e-11,
      "sig": "***"
    },
    "MAE|Kalman": {
      "delta": -0.065884515016392,
      "p_raw": 1.9897865553850155e-08,
      "p_holm": 1.9897865553850155e-08,
      "sig": "***"
    },
    "CE|D-EWMA": {
      "delta": -0.030855131126805078,
      "p_raw": 0.037414755580431426,
      "p_holm": 0.07482951116086285,
      "sig": "ns"
    },
    "CE|Kalman": {
      "delta": 0.18173283871272433,
      "p_raw": 0.9999999999918522,
      "p_holm": 0.9999999999918522,
      "sig": "ns"
    }
  },
  "E1 native(\u00b13) cmp2": {
    "MAE|D-EWMA": {
      "delta": -0.03617519736504349,
      "p_raw": 0.0011721759480372773,
      "p_holm": 0.0023443518960745546,
      "sig": "**"
    },
    "MAE|Kalman": {
      "delta": -0.00223471139443457,
      "p_raw": 0.4910379350213833,
      "p_holm": 0.4910379350213833,
      "sig": "ns"
    },
    "CE|D-EWMA": {
      "delta": -0.4597160891453915,
      "p_raw": 2.483243125645646e-25,
      "p_holm": 2.483243125645646e-25,
      "sig": "***"
    },
    "CE|Kalman": {
      "delta": -0.7651072431396683,
      "p_raw": 6.287982131414218e-26,
      "p_holm": 1.2575964262828436e-25,
      "sig": "***"
    }
  },
  "E1 native(\u00b13) cmp1": {
    "MAE|D-EWMA": {
      "delta": -0.0028080408497874157,
      "p_raw": 0.016357173685756954,
      "p_holm": 0.016357173685756954,
      "sig": "*"
    },
    "MAE|Kalman": {
      "delta": -0.01377749039290558,
      "p_raw": 3.1046029858659396e-06,
      "p_holm": 6.209205971731879e-06,
      "sig": "***"
    },
    "CE|D-EWMA": {
      "delta": -0.8820043410347829,
      "p_raw": 1.0203285252884611e-18,
      "p_holm": 1.0203285252884611e-18,
      "sig": "***"
    },
    "CE|Kalman": {
      "delta": -2.8593412449841793,
      "p_raw": 3.256675539988179e-23,
      "p_holm": 6.513351079976358e-23,
      "sig": "***"
    }
  },
  "E1 native(\u00b13) sim_mild": {
    "MAE|D-EWMA": {
      "delta": -0.14908518125863407,
      "p_raw": 1.3398854471249795e-10,
      "p_holm": 1.3398854471249795e-10,
      "sig": "***"
    },
    "MAE|Kalman": {
      "delta": -0.21724126344295352,
      "p_raw": 8.147778971559672e-12,
      "p_holm": 1.6295557943119345e-11,
      "sig": "***"
    },
    "CE|D-EWMA": {
      "delta": 0.12163074277653324,
      "p_raw": 0.9999959235963917,
      "p_holm": 0.9999959235963917,
      "sig": "ns"
    },
    "CE|Kalman": {
      "delta": -0.041417746352409024,
      "p_raw": 7.2554694337517305e-06,
      "p_holm": 1.4510938867503461e-05,
      "sig": "***"
    }
  },
  "E1 native(\u00b13) sim_medium": {
    "MAE|D-EWMA": {
      "delta": -0.3935978979976708,
      "p_raw": 9.015193154818344e-12,
      "p_holm": 1.6295557943119345e-11,
      "sig": "***"
    },
    "MAE|Kalman": {
      "delta": -0.23050015717949196,
      "p_raw": 8.147778971559672e-12,
      "p_holm": 1.6295557943119345e-11,
      "sig": "***"
    },
    "CE|D-EWMA": {
      "delta": -0.03461113197213318,
      "p_raw": 0.11651701269859915,
      "p_holm": 0.11651701269859915,
      "sig": "ns"
    },
    "CE|Kalman": {
      "delta": -0.032569430720416424,
      "p_raw": 0.0009229786058337565,
      "p_holm": 0.001845957211667513,
      "sig": "**"
    }
  },
  "E5a cmp2 (SARC-enc <)": {
    "MAE|no-drift": {
      "delta": 0.002053572450951137,
      "p_raw": 0.5975965816138302,
      "p_holm": 1.0,
      "sig": "ns"
    },
    "MAE|raw-wear": {
      "delta": 0.003244460987034828,
      "p_raw": 0.7835891653735543,
      "p_holm": 1.0,
      "sig": "ns"
    },
    "CE|no-drift": {
      "delta": -0.0062587338977208255,
      "p_raw": 0.00033422510779974564,
      "p_holm": 0.00033422510779974564,
      "sig": "***"
    },
    "CE|raw-wear": {
      "delta": -0.01610202333636792,
      "p_raw": 2.2503865474274672e-11,
      "p_holm": 4.5007730948549344e-11,
      "sig": "***"
    }
  },
  "E5a cmp1 (SARC-enc <)": {
    "MAE|no-drift": {
      "delta": 3.9073674163524254e-06,
      "p_raw": 0.3322545473283145,
      "p_holm": 0.664509094656629,
      "sig": "ns"
    },
    "MAE|raw-wear": {
      "delta": 0.0012325318834936266,
      "p_raw": 0.9999840518434608,
      "p_holm": 0.9999840518434608,
      "sig": "ns"
    },
    "CE|no-drift": {
      "delta": -0.007161522488201321,
      "p_raw": 0.15354187500519206,
      "p_holm": 0.15354187500519206,
      "sig": "ns"
    },
    "CE|raw-wear": {
      "delta": -0.06282228389117837,
      "p_raw": 7.0032239002012325e-09,
      "p_holm": 1.4006447800402465e-08,
      "sig": "***"
    }
  },
  "E3 cmp2 matched": {
    "MAE|age-D-EWMA": {
      "delta": -0.06632646747983363,
      "p_raw": 1.0663673800166477e-06,
      "p_holm": 1.0663673800166477e-06,
      "sig": "***"
    },
    "CE|age-D-EWMA": {
      "delta": -0.4244687602609086,
      "p_raw": 8.219177206986963e-26,
      "p_holm": 8.219177206986963e-26,
      "sig": "***"
    }
  },
  "E3 cmp1 matched": {
    "MAE|age-D-EWMA": {
      "delta": -0.008507571450220287,
      "p_raw": 1.2290452740875182e-07,
      "p_holm": 1.2290452740875182e-07,
      "sig": "***"
    },
    "CE|age-D-EWMA": {
      "delta": -0.9059654776785016,
      "p_raw": 3.6042743155006657e-22,
      "p_holm": 3.6042743155006657e-22,
      "sig": "***"
    }
  },
  "E5a sim_mild (SARC-enc <)": {
    "MAE|no-drift": {
      "delta": -0.02989682696781243,
      "p_raw": 2.363399721864071e-10,
      "p_holm": 4.726799443728142e-10,
      "sig": "***"
    },
    "MAE|raw-wear": {
      "delta": 0.00550792829667636,
      "p_raw": 0.9334213547710419,
      "p_holm": 0.9334213547710419,
      "sig": "ns"
    },
    "CE|no-drift": {
      "delta": -0.060183575091607586,
      "p_raw": 4.008120935880033e-11,
      "p_holm": 8.016241871760066e-11,
      "sig": "***"
    },
    "CE|raw-wear": {
      "delta": -0.012152478752002396,
      "p_raw": 0.21543858314348607,