{
  "E1 native(\u00b13) cmp2": {
    "MAE|D-EWMA": {
      "delta": -0.03617519024518043,
      "p_raw": 0.0011721759480372775,
      "p_holm": 0.002344351896074555,
      "sig": "**"
    },
    "MAE|Kalman": {
      "delta": -0.002234706294303372,
      "p_raw": 0.4910379350213833,
      "p_holm": 0.4910379350213833,
      "sig": "ns"
    },
    "CE|D-EWMA": {
      "delta": -0.4597159410343734,
      "p_raw": 2.483243125645645e-25,
      "p_holm": 2.483243125645645e-25,
      "sig": "***"
    },
    "CE|Kalman": {
      "delta": -0.765107265105564,
      "p_raw": 6.287982131414216e-26,
      "p_holm": 1.2575964262828432e-25,
      "sig": "***"
    }
  },
  "E1 native(\u00b13) cmp1": {
    "MAE|D-EWMA": {
      "delta": -0.0028080464349988063,
      "p_raw": 0.016357173685756957,
      "p_holm": 0.016357173685756957,
      "sig": "*"
    },
    "MAE|Kalman": {
      "delta": -0.013777493640467306,
      "p_raw": 3.104602985865939e-06,
      "p_holm": 6.209205971731878e-06,
      "sig": "***"
    },
    "CE|D-EWMA": {
      "delta": -0.882004369896034,
      "p_raw": 1.0203285252884615e-18,
      "p_holm": 1.0203285252884615e-18,
      "sig": "***"
    },
    "CE|Kalman": {
      "delta": -2.859341269164789,
      "p_raw": 3.25667553998818e-23,
      "p_holm": 6.51335107997636e-23,
      "sig": "***"
    }
  },
  "E1 native(\u00b13) sim_mild": {
    "MAE|D-EWMA": {
      "delta": -0.14908488696528938,
      "p_raw": 1.3398854471249792e-10,
      "p_holm": 1.3398854471249792e-10,
      "sig": "***"
    },
    "MAE|Kalman": {
      "delta": -0.21724123186558017,
      "p_raw": 8.14777897155967e-12,
      "p_holm": 1.629555794311934e-11,
      "sig": "***"
    },
    "CE|D-EWMA": {
      "delta": 0.12163088187747549,
      "p_raw": 0.9999959235963917,
      "p_holm": 0.9999959235963917,
      "sig": "ns"
    },
    "CE|Kalman": {
      "delta": -0.04141773348875448,
      "p_raw": 7.2554694337517305e-06,
      "p_holm": 1.4510938867503461e-05,
      "sig": "***"
    }
  },
  "E1 native(\u00b13) sim_medium": {
    "MAE|D-EWMA": {
      "delta": -0.39359038967987997,
      "p_raw": 9.015193154818344e-12,
      "p_holm": 1.629555794311934e-11,
      "sig": "***"
    },
    "MAE|Kalman": {
      "delta": -0.2305001592645615,
      "p_raw": 8.14777897155967e-12,
      "p_holm": 1.629555794311934e-11,
      "sig": "***"
    },
    "CE|D-EWMA": {
      "delta": -0.0346026624935973,
      "p_raw": 0.11651701269859915,
      "p_holm": 0.11651701269859915,
      "sig": "ns"
    },
    "CE|Kalman": {
      "delta": -0.03256943129741264,
      "p_raw": 0.0009229786058337565,
      "p_holm": 0.001845957211667513,
      "sig": "**"
    }
  }
}