{
  "E5a cmp2 (SARC-enc <)": {
    "MAE|no-drift": {
      "delta": 0.002053571948330152,
      "p_raw": 0.5975965816138302,
      "p_holm": 1.0,
      "sig": "ns"
    },
    "MAE|raw-wear": {
      "delta": 0.003244458731825373,
      "p_raw": 0.7835891653735543,
      "p_holm": 1.0,
      "sig": "ns"
    },
    "CE|no-drift": {
      "delta": -0.006258732887119173,
      "p_raw": 0.00033422510779974564,
      "p_holm": 0.00033422510779974564,
      "sig": "***"
    },
    "CE|raw-wear": {
      "delta": -0.01610201821385746,
      "p_raw": 2.2503865474274672e-11,
      "p_holm": 4.5007730948549344e-11,
      "sig": "***"
    }
  },
  "E5a cmp1 (SARC-enc <)": {
    "MAE|no-drift": {
      "delta": 3.9086519243531704e-06,
      "p_raw": 0.3322545473283145,
      "p_holm": 0.664509094656629,
      "sig": "ns"
    },
    "MAE|raw-wear": {
      "delta": 0.0012325337627281856,
      "p_raw": 0.9999840518434608,
      "p_holm": 0.9999840518434608,
      "sig": "ns"
    },
    "CE|no-drift": {
      "delta": -0.007161523797237753,
      "p_raw": 0.15354187500519206,
      "p_holm": 0.15354187500519206,
      "sig": "ns"
    },
    "CE|raw-wear": {
      "delta": -0.06282227922356443,
      "p_raw": 7.00322390020123e-09,
      "p_holm": 1.400644780040246e-08,
      "sig": "***"
    }
  }
}