{
  "E1 matched(\u00b11) cmp2": {
    "MAE|D-EWMA": {
      "delta": -0.06975595263354979,
      "p_raw": 9.313696123076819e-07,
      "p_holm": 1.8627392246153639e-06,
      "sig": "***"
    },
    "MAE|Kalman": {
      "delta": -0.05459485896122732,
      "p_raw": 3.3276450453345595e-05,
      "p_holm": 3.3276450453345595e-05,
      "sig": "***"
    },
    "CE|D-EWMA": {
      "delta": -0.16247369303870873,
      "p_raw": 7.703518367761585e-16,
      "p_holm": 1.540703673552317e-15,
      "sig": "***"
    },
    "CE|Kalman": {
      "delta": -0.18965724095087733,
      "p_raw": 1.0323206271674832e-12,
      "p_holm": 1.0323206271674832e-12,
      "sig": "***"
    }
  },
  "E1 matched(\u00b11) cmp1": {
    "MAE|D-EWMA": {
      "delta": -0.00516475629022972,
      "p_raw": 3.2770576372369084e-08,
      "p_holm": 6.554115274473817e-08,
      "sig": "***"
    },
    "MAE|Kalman": {
      "delta": -0.0053307961389373335,
      "p_raw": 1.6113081799739962e-05,
      "p_holm": 1.6113081799739962e-05,
      "sig": "***"
    },
    "CE|D-EWMA": {
      "delta": -0.5790161797628599,
      "p_raw": 2.7271564883069436e-20,
      "p_holm": 2.7271564883069436e-20,
      "sig": "***"
    },
    "CE|Kalman": {
      "delta": -0.8591686381466621,
      "p_raw": 3.0715121850163683e-22,
      "p_holm": 6.143024370032737e-22,
      "sig": "***"
    }
  },
  "E1 matched(\u00b11) sim_mild": {
    "MAE|D-EWMA": {
      "delta": -0.09532706221115582,
      "p_raw": 1.7812163191709578e-10,
      "p_holm": 1.7812163191709578e-10,
      "sig": "***"
    },
    "MAE|Kalman": {
      "delta": -0.05295164523601718,
      "p_raw": 1.8194569542565362e-11,
      "p_holm": 3.6389139085130725e-11,
      "sig": "***"
    },
    "CE|D-EWMA": {
      "delta": 0.1699341999271561,
      "p_raw": 0.9999999999835316,
      "p_holm": 1.0,
      "sig": "ns"
    },
    "CE|Kalman": {
      "delta": 0.18083953422209165,
      "p_raw": 0.9999999999918522,
      "p_holm": 1.0,
      "sig": "ns"
    }
  },
  "E1 matched(\u00b11) sim_medium": {
    "MAE|D-EWMA": {
      "delta": -0.26558497610273496,
      "p_raw": 8.570746990858081e-12,
      "p_holm": 1.7141493981716163e-11,
      "sig": "***"
    },
    "MAE|Kalman": {
      "delta": -0.06588451767113426,
      "p_raw": 1.989786555385015e-08,
      "p_holm": 1.989786555385015e-08,
      "sig": "***"
    },
    "CE|D-EWMA": {
      "delta": -0.030853611644591505,
      "p_raw": 0.03741475558043143,
      "p_holm": 0.07482951116086287,
      "sig": "ns"
    },
    "CE|Kalman": {
      "delta": 0.1817328372325556,
      "p_raw": 0.9999999999918522,
      "p_holm": 0.9999999999918522,
      "sig": "ns"
    }
  }
}