{
  "E5a sim_mild (SARC-enc <)": {
    "MAE|no-drift": {
      "delta": -0.029896477390657705,
      "p_raw": 2.36339972186407e-10,
      "p_holm": 4.72679944372814e-10,
      "sig": "***"
    },
    "MAE|raw-wear": {
      "delta": 0.00550793273375991,
      "p_raw": 0.9334213547710419,
      "p_holm": 0.9334213547710419,
      "sig": "ns"
    },
    "CE|no-drift": {
      "delta": -0.06018366284651198,
      "p_raw": 4.0081209358800323e-11,
      "p_holm": 8.016241871760065e-11,
      "sig": "***"
    },
    "CE|raw-wear": {
      "delta": -0.012152466758033605,
      "p_raw": 0.21543858314348607,
      "p_holm": 0.21543858314348607,
      "sig": "ns"
    }
  },
  "E5a sim_medium (SARC-enc <)": {
    "MAE|no-drift": {
      "delta": -0.03737094409893323,
      "p_raw": 6.55835312445795e-10,
      "p_holm": 1.31167062489159e-09,
      "sig": "***"
    },
    "MAE|raw-wear": {
      "delta": 0.043731453349972624,
      "p_raw": 0.999999999281314,
      "p_holm": 0.999999999281314,
      "sig": "ns"
    },
    "CE|no-drift": {
      "delta": -0.090878335855151,
      "p_raw": 1.1598738500433306e-11,
      "p_holm": 2.3197477000866613e-11,
      "sig": "***"
    },
    "CE|raw-wear": {
      "delta": 0.03162354858165297,
      "p_raw": 0.9946826156421358,
      "p_holm": 0.9946826156421358,
      "sig": "ns"
    }
  }
}