{
  "E3 cmp2 matched": {
    "MAE|age-D-EWMA": {
      "delta": -0.06632646722567544,
      "p_raw": 1.0663673800166477e-06,
      "p_holm": 2.1327347600332954e-06,
      "sig": "***"
    },
    "MAE|wear-MPC": {
      "delta": 0.020048672717614704,
      "p_raw": 0.9869318007979299,
      "p_holm": 0.9869318007979299,
      "sig": "ns"
    },
    "CE|age-D-EWMA": {
      "delta": -0.42446876052725613,
      "p_raw": 8.219177206986963e-26,
      "p_holm": 1.6438354413973926e-25,
      "sig": "***"
    },
    "CE|wear-MPC": {
      "delta": -0.030313262931312448,
      "p_raw": 4.952528932885184e-08,
      "p_holm": 4.952528932885184e-08,
      "sig": "***"
    }
  },
  "E3 cmp1 matched": {
    "MAE|age-D-EWMA": {
      "delta": -0.008507571775401124,
      "p_raw": 1.2290452740875182e-07,
      "p_holm": 2.4580905481750364e-07,
      "sig": "***"
    },
    "MAE|wear-MPC": {
      "delta": -0.0023577735143393555,
      "p_raw": 2.704038179140223e-05,
      "p_holm": 2.704038179140223e-05,
      "sig": "***"
    },
    "CE|age-D-EWMA": {
      "delta": -0.905965478344167,
      "p_raw": 3.6042743155006657e-22,
      "p_holm": 7.208548631001331e-22,
      "sig": "***"
    },
    "CE|wear-MPC": {
      "delta": 0.07531845599674791,
      "p_raw": 0.9999999998840281,
      "p_holm": 0.9999999998840281,
      "sig": "ns"
    }
  }
}