{
  "CMP2": {
    "n_seeds": 5,
    "seeds": [
      123,
      789,
      1024,
      2024,
      7777
    ],
    "summary": {
      "SARC": {
        "mae": {
          "mean": 0.23265975131234548,
          "std": 0.001160398988007314,
          "values": [
            0.23185975022089497,
            0.23240611835451908,
            0.2349179851372595,
            0.23237615764936895,
            0.23173874519968501
          ]
        },
        "action_cost": {
          "mean": 0.07929089428644565,
          "std": 0.0030394478884323193,
          "values": [
            0.07919409703117697,
            0.07765412830704146,
            0.08131003271992919,
            0.07471047510353443,
            0.08358573827054618
          ]
        }
      },
      "SARC-no-drift": {
        "mae": {
          "mean": 0.23045916026819202,
          "std": 0.0029710124962431597,
          "values": [
            0.22903085712406826,
            0.22879418763957643,
            0.23639064480113217,
            0.22880323391818222,
            0.229276877858001
          ]
        },
        "action_cost": {
          "mean": 0.08548401656626911,
          "std": 0.0031428552867805663,
          "values": [
            0.08683127968874256,
            0.08171049611094111,
            0.0884488180430487,
            0.08172203354677068,
            0.08870745544184254
          ]
        }
      },
      "BC": {
        "mae": {
          "mean": 0.24562130208823643,
          "std": 0.0031346764955957947,
          "values": [
            0.24682551000523578,
            0.2434306480175785,
            0.24441556299813894,
            0.24230008461964708,
            0.2511347048005818
          ]
        },
        "action_cost": {
          "mean": 0.07397471858628009,
          "std": 0.002283848188527534,
          "values": [
            0.06993061136575901,
            0.07428855094419247,
            0.07367650577646769,
            0.07514538923719542,
            0.07683253560778587
          ]
        }
      }
    },
    "wilcoxon_SARC_less": {
      "SARC-no-drift": {
        "mae": {
          "p": 0.96875,
          "sarc_mean": 0.23265975131234548,
          "other_mean": 0.23045916026819202
        },
        "action_cost": {
          "p": 0.03125,
          "sarc_mean": 0.07929089428644565,
          "other_mean": 0.08548401656626911
        }
      },
      "BC": {
        "mae": {
          "p": 0.03125,
          "sarc_mean": 0.23265975131234548,
          "other_mean": 0.24562130208823643
        },
        "action_cost": {
          "p": 0.96875,
          "sarc_mean": 0.07929089428644565,
          "other_mean": 0.07397471858628009
        }
      }
    }
  },
  "CMP1": {
    "n_seeds": 5,
    "seeds": [
      123,
      789,
      1024,
      2024,
      7777
    ],
    "summary": {
      "SARC": {
        "mae": {
          "mean": 0.4916825331570062,
          "std": 0.0006814892238731176,
          "values": [
            0.491775252104817,
            0.49182180181525736,
            0.4927757851729204,
            0.49135218977513545,
            0.49068763691690104
          ]
        },
        "action_cost": {
          "mean": 0.12134984897632514,
          "std": 0.009617359146987938,
          "values": [
            0.12412473569749909,
            0.11086028464375688,
            0.11651810732956651,
            0.13863861540400763,
            0.11660750180679566
          ]
        }
      },
      "SARC-no-drift": {
        "mae": {
          "mean": 0.49180957775054146,
          "std": 0.0004420497186595783,
          "values": [
            0.49242268083538565,
            0.4918253362024891,
            0.49183505588065063,
            0.49104299540450863,
            0.4919218204296736
          ]
        },
        "action_cost": {
          "mean": 0.12837555854340937,
          "std": 0.010050062493964784,
          "values": [
            0.14064347601705432,
            0.11466926218100137,
            0.13935566885830386,
            0.12307117632769207,
            0.12413820933299535
          ]
        }
      },
      "BC": {
        "mae": {
          "mean": 0.4939110087846448,
          "std": 0.0017160424108853026,
          "values": [
            0.4927646542882035,
            0.49263542846495423,
            0.49562274822871033,
            0.4963398149047003,
            0.4921923980366558
          ]
        },
        "action_cost": {
          "mean": 0.13128565096784112,
          "std": 0.016396103964373483,
          "values": [
            0.1120329352586683,
            0.13436253194963316,
            0.13342752798857926,
            0.15905068088229213,
            0.11755457876003267
          ]
        }
      }
    },
    "wilcoxon_SARC_less": {
      "SARC-no-drift": {
        "mae": {
          "p": 0.40625,
          "sarc_mean": 0.4916825331570062,
          "other_mean": 0.49180957775054146
        },
        "action_cost": {
          "p": 0.15625,
          "sarc_mean": 0.12134984897632514,
          "other_mean": 0.12837555854340937
        }
      },
      "BC": {
        "mae": {
          "p": 0.03125,
          "sarc_mean": 0.4916825331570062,
          "other_mean": 0.4939110087846448
        },
        "action_cost": {
          "p": 0.09375,
          "sarc_mean": 0.12134984897632514,
          "other_mean": 0.13128565096784112
        }
      }
    }
  },
  "Sim-Mild": {
    "n_seeds": 5,
    "seeds": [
      123,
      789,
      1024,
      2024,
      7777
    ],
    "summary": {
      "SARC": {
        "mae": {
          "mean": 0.26889461527048997,
          "std": 0.005626524071877199,
          "values": [
            0.263890923345951,
            0.2721258874558977,
            0.2769260116034333,
            0.2613651217583926,
            0.2701651321887756
          ]
        },
        "action_cost": {
          "mean": 0.3212506284536555,
          "std": 0.017842638045973087,
          "values": [
            0.30673982947385714,
            0.35208950998063687,
            0.3152929891261773,
            0.3291216744706527,
            0.3030091392169534
          ]
        }
      },
      "SARC-no-drift": {
        "mae": {
          "mean": 0.2987910704668201,
          "std": 0.0069888124394853444,
          "values": [
            0.304389786462045,
            0.29815606091404884,
            0.2885551462965141,
            0.29457895492076097,
            0.3082754037407313
          ]
        },
        "action_cost": {
          "mean": 0.3814333316731341,
          "std": 0.10234052919094389,
          "values": [
            0.34488606299127256,
            0.5847942665843602,
            0.3165294421855418,
            0.3188330426877656,
            0.3421238439167306
          ]
        }
      },
      "BC": {
        "mae": {
          "mean": 0.3232754766837168,
          "std": 0.015436350238949178,
          "values": [
            0.3335511514966712,
            0.31291215516684123,
            0.30666673781094284,
            0.34840433938072685,
            0.3148429995634019
          ]
        },
        "action_cost": {
          "mean": 0.283802098028293,
          "std": 0.04315001110548488,
          "values": [
            0.33634528010159465,
            0.24521932979541927,
            0.2337386288652739,
            0.33269300845471506,
            0.271014242924462
          ]
        }
      }
    },
    "wilcoxon_SARC_less": {
      "SARC-no-drift": {
        "mae": {
          "p": 0.03125,
          "sarc_mean": 0.26889461527048997,
          "other_mean": 0.2987910704668201
        },
        "action_cost": {
          "p": 0.09375,
          "sarc_mean": 0.3212506284536555,
          "other_mean": 0.3814333316731341
        }
      },
      "BC": {
        "mae": {
          "p": 0.03125,
          "sarc_mean": 0.26889461527048997,
          "other_mean": 0.3232754766837168
        },