{
  "CMP2": {
    "n_seeds": 5,
    "seeds": [
      123,
      789,
      1024,
      2024,
      7777
    ],
    "summary": {
      "SARC": {
        "mae": {
          "mean": 0.2326597479668761,
          "std": 0.001160397495326415,
          "values": [
            0.23185974306205995,
            0.23240611917416498,
            0.23491797808316997,
            0.23237615557748034,
            0.2317387439375053
          ]
        },
        "action_cost": {
          "mean": 0.07929089560263594,
          "std": 0.0030394491576127207,
          "values": [
            0.07919409560683957,
            0.07765412444640449,
            0.08131003596500813,
            0.07471047856780057,
            0.08358574342712698
          ]
        }
      },
      "SARC-no-drift": {
        "mae": {
          "mean": 0.23045915651170085,
          "std": 0.002971013548137806,
          "values": [
            0.22903084832926554,
            0.22879418537791174,
            0.23639064314338082,
            0.22880322978586265,
            0.2292768759220835
          ]
        },
        "action_cost": {
          "mean": 0.08548402001998756,
          "std": 0.0031428567684998457,
          "values": [
            0.08683128316323296,
            0.08171049996601266,
            0.08844882509730283,
            0.08172203312633597,
            0.08870745874705335
          ]
        }
      },
      "BC": {
        "mae": {
          "mean": 0.24562130157949583,
          "std": 0.0031346740770307408,
          "values": [
            0.2468255097436903,
            0.2434306470738081,
            0.24441556621741864,
            0.2423000858251044,
            0.25113469903745755
          ]
        },
        "action_cost": {
          "mean": 0.07397472023099769,
          "std": 0.0022838503849066986,
          "values": [
            0.06993060973709905,
            0.07428855752338254,
            0.07367650159936123,
            0.07514539285700884,
            0.07683253943813674
          ]
        }
      },
      "D-EWMA": {
        "mae": {
          "mean": 0.28303469086596617,
          "std": 0.0,
          "values": [
            0.28303469086596617,
            0.28303469086596617,
            0.28303469086596617,
            0.28303469086596617,
            0.28303469086596617
          ]
        },
        "action_cost": {
          "mean": 0.6681792953242052,
          "std": 0.0,
          "values": [
            0.6681792953242052,
            0.6681792953242052,
            0.6681792953242052,
            0.6681792953242052,
            0.6681792953242052
          ]
        }
      },
      "Kalman": {
        "mae": {
          "mean": 0.23670005279237843,
          "std": 2.7755575615628914e-17,
          "values": [
            0.2367000527923784,
            0.2367000527923784,
            0.2367000527923784,
            0.2367000527923784,
            0.2367000527923784
          ]
        },
        "action_cost": {
          "mean": 0.7438084898690785,
          "std": 0.0,
          "values": [
            0.7438084898690785,
            0.7438084898690785,
            0.7438084898690785,
            0.7438084898690785,
            0.7438084898690785
          ]
        }
      }
    },
    "wilcoxon_SARC_less": {
      "SARC-no-drift": {
        "mae": {
          "p": 0.96875,
          "sarc_mean": 0.2326597479668761,
          "other_mean": 0.23045915651170085
        },
        "action_cost": {
          "p": 0.03125,
          "sarc_mean": 0.07929089560263594,
          "other_mean": 0.08548402001998756
        }
      },
      "BC": {
        "mae": {
          "p": 0.03125,
          "sarc_mean": 0.2326597479668761,
          "other_mean": 0.24562130157949583
        },
        "action_cost": {
          "p": 0.96875,
          "sarc_mean": 0.07929089560263594,
          "other_mean": 0.07397472023099769
        }
      },
      "D-EWMA": {
        "mae": {
          "deterministic": true,
          "delta": -0.05037494289909006
        },
        "action_cost": {
          "deterministic": true,
          "delta": -0.5888883997215693
        }
      },
      "Kalman": {
        "mae": {
          "deterministic": true,
          "delta": -0.0040403048255023
        },
        "action_cost": {
          "deterministic": true,
          "delta": -0.6645175942664426
        }
      }
    }
  },
  "CMP1": {
    "n_seeds": 5,
    "seeds": [
      123,
      789,
      1024,
      2024,
      7777
    ],
    "summary": {
      "SARC": {
        "mae": {
          "mean": 0.4917323035645828,
          "std": 0.0006953995844831893,
          "values": [
            0.4920242082706101,
            0.49182177414178446,
            0.49277575992041506,
            0.49135216458937747,
            0.4906876109007269
          ]
        },
        "action_cost": {
          "mean": 0.11892837104759324,
          "std": 0.01012468812503229,
          "values": [
            0.11201730013175851,
            0.11086029228568679,
            0.11651811561621317,
            0.13863862433202578,
            0.11660752287228196
          ]
        }
      },
      "SARC-no-drift": {
        "mae": {
          "mean": 0.49159953838707426,
          "std": 0.0003380983345895844,
          "values": [
            0.4913725865970273,
            0.49182531208940117,
            0.4918350296253637,
            0.4910429707912078,
            0.49192179283237125
          ]
        },
        "action_cost": {
          "mean": 0.12643191130295256,
          "std": 0.008271975218590856,
          "values": [
            0.1309251565435679,
            0.11466928209872627,
            0.13935568194528447,
            0.12307120155117905,
            0.12413823437600513
          ]
        }
      },
      "BC": {
        "mae": {
          "mean": 0.49393685780753016,
          "std": 0.0016994583791964295,
          "values": [
            0.49289400366599817,
            0.49263540091162666,
            0.49562272164989485,
            0.49633979134757894,
            0.4921923714625519
          ]
        },
        "action_cost": {
          "mean": 0.13111310588413277,
          "std": 0.01660108975197296,
          "values": [
            0.11117013928642022,
            0.13436254954022248,
            0.1334275228448954,
            0.1590507218407901,
            0.11755459590833574
          ]
        }
      },
      "D-EWMA": {
        "mae": {
          "mean": 0.49424910912224257,
          "std": 5.551115123125783e-17,
          "values": [
            0.4942491091222425,
            0.4942491091222425,
            0.4942491091222425,
            0.4942491091222425,
            0.4942491091222425
          ]
        },
        "action_cost": {
          "mean": 1.1436511772090516,
          "std": 0.0,
          "values": [
            1.1436511772090516,
            1.1436511772090516,
            1.1436511772090516,
            1.1436511772090516,
            1.1436511772090516
          ]
        }
      },
      "Kalman": {
        "mae": {
          "mean": 0.5101840936902339,
          "std": 0.0,
          "values": [
            0.5101840936902339,
            0.5101840936902339,
            0.5101840936902339,
            0.5101840936902339,
            0.5101840936902339
          ]
        },
        "action_cost": {
          "mean": 2.7231796960429135,
          "std": 0.0,
          "values": [
            2.7231796960429135,
            2.7231796960429135,
            2.7231796960429135,
            2.7231796960429135,
            2.7231796960429135
          ]
        }
      }
    },
    "wilcoxon_SARC_less": {
      "SARC-no-drift": {
        "mae": {
          "p": 0.6875,
          "sarc_mean": 0.4917323035645828,
          "other_mean": 0.49159953838707426
        },
        "action_cost": {
          "p": 0.15625,
          "sarc_mean": 0.11892837104759324,