{
  "cmp2": {
    "n_train_seq": 677,
    "n_test_seq": 146,
    "encoder": {
      "train": 0.23327280972956724,
      "train_std": 0.0019091540988785739,
      "test": 0.2326597511668546,
      "test_std": 0.0011603989205318636,
      "gap": -0.0006130585627126262
    },
    "raw": {
      "train": 0.2318534878825033,
      "train_std": 0.0014545094411430768,
      "test": 0.22945401663881362,
      "test_std": 0.002567221497847351,
      "gap": -0.002399471243689666
    }
  },
  "cmp1": {
    "n_train_seq": 552,
    "n_test_seq": 129,
    "encoder": {
      "train": 0.7619781419222331,
      "train_std": 0.000654864155687254,
      "test": 0.4916825371558824,
      "test_std": 0.0006814887265021189,
      "gap": -0.2702956047663507
    },
    "raw": {
      "train": 0.7636205092183419,
      "train_std": 0.0005110034749927876,
      "test": 0.4899184406310961,
      "test_std": 0.0006267332941328862,
      "gap": -0.27370206858724583
    }
  }
}